Location of Installation,Cell Type,Installation Type
location with approximate average irradiance of US PV sites (2019),multi crystal Si (most common),"rooftop, typical tilt"
location with approximate average irradiance of US PV sites (2019),multi crystal Si (most common),"rooftop, optimal tilt"
location with approximate average irradiance of US PV sites (2019),multi crystal Si (most common),"utility, fixed tilt"
location with approximate average irradiance of US PV sites (2019),multi crystal Si (most common),"utility, 1-axis tracking"
location with approximate average irradiance of US PV sites (2019),single crystal Si,"rooftop, typical tilt"
location with approximate average irradiance of US PV sites (2019),single crystal Si,"rooftop, optimal tilt"
location with approximate average irradiance of US PV sites (2019),single crystal Si,"utility, fixed tilt"
location with approximate average irradiance of US PV sites (2019),single crystal Si,"utility, 1-axis tracking"
location with approximate average irradiance of US PV sites (2019),CdTe,"rooftop, typical tilt"
location with approximate average irradiance of US PV sites (2019),CdTe,"rooftop, optimal tilt"
location with approximate average irradiance of US PV sites (2019),CdTe,"utility, fixed tilt"
location with approximate average irradiance of US PV sites (2019),CdTe,"utility, 1-axis tracking"
location with approximate average irradiance of US PV sites (2019),CIGS,"rooftop, typical tilt"
location with approximate average irradiance of US PV sites (2019),CIGS,"rooftop, optimal tilt"
location with approximate average irradiance of US PV sites (2019),CIGS,"utility, fixed tilt"
location with approximate average irradiance of US PV sites (2019),CIGS,"utility, 1-axis tracking"
location with approximate average irradiance of US,multi crystal Si (most common),"rooftop, typical tilt"
location with approximate average irradiance of US,multi crystal Si (most common),"rooftop, optimal tilt"
location with approximate average irradiance of US,multi crystal Si (most common),"utility, fixed tilt"
location with approximate average irradiance of US,multi crystal Si (most common),"utility, 1-axis tracking"
location with approximate average irradiance of US,single crystal Si,"rooftop, typical tilt"
location with approximate average irradiance of US,single crystal Si,"rooftop, optimal tilt"
location with approximate average irradiance of US,single crystal Si,"utility, fixed tilt"
location with approximate average irradiance of US,single crystal Si,"utility, 1-axis tracking"
location with approximate average irradiance of US,CdTe,"rooftop, typical tilt"
location with approximate average irradiance of US,CdTe,"rooftop, optimal tilt"
location with approximate average irradiance of US,CdTe,"utility, fixed tilt"
location with approximate average irradiance of US,CdTe,"utility, 1-axis tracking"
location with approximate average irradiance of US,CIGS,"rooftop, typical tilt"
location with approximate average irradiance of US,CIGS,"rooftop, optimal tilt"
location with approximate average irradiance of US,CIGS,"utility, fixed tilt"
location with approximate average irradiance of US,CIGS,"utility, 1-axis tracking"
US NE (Boston),multi crystal Si (most common),"rooftop, typical tilt"
US NE (Boston),multi crystal Si (most common),"rooftop, optimal tilt"
US NE (Boston),multi crystal Si (most common),"utility, fixed tilt"
US NE (Boston),multi crystal Si (most common),"utility, 1-axis tracking"
US NE (Boston),single crystal Si,"rooftop, typical tilt"
US NE (Boston),single crystal Si,"rooftop, optimal tilt"
US NE (Boston),single crystal Si,"utility, fixed tilt"
US NE (Boston),single crystal Si,"utility, 1-axis tracking"
US NE (Boston),CdTe,"rooftop, typical tilt"
US NE (Boston),CdTe,"rooftop, optimal tilt"
US NE (Boston),CdTe,"utility, fixed tilt"
US NE (Boston),CdTe,"utility, 1-axis tracking"
US NE (Boston),CIGS,"rooftop, typical tilt"
US NE (Boston),CIGS,"rooftop, optimal tilt"
US NE (Boston),CIGS,"utility, fixed tilt"
US NE (Boston),CIGS,"utility, 1-axis tracking"
US SE (Miami),multi crystal Si (most common),"rooftop, typical tilt"
US SE (Miami),multi crystal Si (most common),"rooftop, optimal tilt"
US SE (Miami),multi crystal Si (most common),"utility, fixed tilt"
US SE (Miami),multi crystal Si (most common),"utility, 1-axis tracking"
US SE (Miami),single crystal Si,"rooftop, typical tilt"
US SE (Miami),single crystal Si,"rooftop, optimal tilt"
US SE (Miami),single crystal Si,"utility, fixed tilt"
US SE (Miami),single crystal Si,"utility, 1-axis tracking"
US SE (Miami),CdTe,"rooftop, typical tilt"
US SE (Miami),CdTe,"rooftop, optimal tilt"
US SE (Miami),CdTe,"utility, fixed tilt"
US SE (Miami),CdTe,"utility, 1-axis tracking"
US SE (Miami),CIGS,"rooftop, typical tilt"
US SE (Miami),CIGS,"rooftop, optimal tilt"
US SE (Miami),CIGS,"utility, fixed tilt"
US SE (Miami),CIGS,"utility, 1-axis tracking"
US N (Minneapolis),multi crystal Si (most common),"rooftop, typical tilt"
US N (Minneapolis),multi crystal Si (most common),"rooftop, optimal tilt"
US N (Minneapolis),multi crystal Si (most common),"utility, fixed tilt"
US N (Minneapolis),multi crystal Si (most common),"utility, 1-axis tracking"
US N (Minneapolis),single crystal Si,"rooftop, typical tilt"
US N (Minneapolis),single crystal Si,"rooftop, optimal tilt"
US N (Minneapolis),single crystal Si,"utility, fixed tilt"
US N (Minneapolis),single crystal Si,"utility, 1-axis tracking"
US N (Minneapolis),CdTe,"rooftop, typical tilt"
US N (Minneapolis),CdTe,"rooftop, optimal tilt"
US N (Minneapolis),CdTe,"utility, fixed tilt"
US N (Minneapolis),CdTe,"utility, 1-axis tracking"
US N (Minneapolis),CIGS,"rooftop, typical tilt"
US N (Minneapolis),CIGS,"rooftop, optimal tilt"
US N (Minneapolis),CIGS,"utility, fixed tilt"
US N (Minneapolis),CIGS,"utility, 1-axis tracking"
US NW (Seattle),multi crystal Si (most common),"rooftop, typical tilt"
US NW (Seattle),multi crystal Si (most common),"rooftop, optimal tilt"
US NW (Seattle),multi crystal Si (most common),"utility, fixed tilt"
US NW (Seattle),multi crystal Si (most common),"utility, 1-axis tracking"
US NW (Seattle),single crystal Si,"rooftop, typical tilt"
US NW (Seattle),single crystal Si,"rooftop, optimal tilt"
US NW (Seattle),single crystal Si,"utility, fixed tilt"
US NW (Seattle),single crystal Si,"utility, 1-axis tracking"
US NW (Seattle),CdTe,"rooftop, typical tilt"
US NW (Seattle),CdTe,"rooftop, optimal tilt"
US NW (Seattle),CdTe,"utility, fixed tilt"
US NW (Seattle),CdTe,"utility, 1-axis tracking"
US NW (Seattle),CIGS,"rooftop, typical tilt"
US NW (Seattle),CIGS,"rooftop, optimal tilt"
US NW (Seattle),CIGS,"utility, fixed tilt"
US NW (Seattle),CIGS,"utility, 1-axis tracking"
US W (San Francisco),multi crystal Si (most common),"rooftop, typical tilt"
US W (San Francisco),multi crystal Si (most common),"rooftop, optimal tilt"
US W (San Francisco),multi crystal Si (most common),"utility, fixed tilt"
US W (San Francisco),multi crystal Si (most common),"utility, 1-axis tracking"
US W (San Francisco),single crystal Si,"rooftop, typical tilt"
US W (San Francisco),single crystal Si,"rooftop, optimal tilt"
US W (San Francisco),single crystal Si,"utility, fixed tilt"
US W (San Francisco),single crystal Si,"utility, 1-axis tracking"
US W (San Francisco),CdTe,"rooftop, typical tilt"
US W (San Francisco),CdTe,"rooftop, optimal tilt"
US W (San Francisco),CdTe,"utility, fixed tilt"
US W (San Francisco),CdTe,"utility, 1-axis tracking"
US W (San Francisco),CIGS,"rooftop, typical tilt"
US W (San Francisco),CIGS,"rooftop, optimal tilt"
US W (San Francisco),CIGS,"utility, fixed tilt"
US W (San Francisco),CIGS,"utility, 1-axis tracking"
US SW (Phoenix),multi crystal Si (most common),"rooftop, typical tilt"
US SW (Phoenix),multi crystal Si (most common),"rooftop, optimal tilt"
US SW (Phoenix),multi crystal Si (most common),"utility, fixed tilt"
US SW (Phoenix),multi crystal Si (most common),"utility, 1-axis tracking"
US SW (Phoenix),single crystal Si,"rooftop, typical tilt"
US SW (Phoenix),single crystal Si,"rooftop, optimal tilt"
US SW (Phoenix),single crystal Si,"utility, fixed tilt"
US SW (Phoenix),single crystal Si,"utility, 1-axis tracking"
US SW (Phoenix),CdTe,"rooftop, typical tilt"
US SW (Phoenix),CdTe,"rooftop, optimal tilt"
US SW (Phoenix),CdTe,"utility, fixed tilt"
US SW (Phoenix),CdTe,"utility, 1-axis tracking"
US SW (Phoenix),CIGS,"rooftop, typical tilt"
US SW (Phoenix),CIGS,"rooftop, optimal tilt"
US SW (Phoenix),CIGS,"utility, fixed tilt"
US SW (Phoenix),CIGS,"utility, 1-axis tracking"
China NE (Beijing),multi crystal Si (most common),"rooftop, typical tilt"
China NE (Beijing),multi crystal Si (most common),"rooftop, optimal tilt"
China NE (Beijing),multi crystal Si (most common),"utility, fixed tilt"
China NE (Beijing),multi crystal Si (most common),"utility, 1-axis tracking"
China NE (Beijing),single crystal Si,"rooftop, typical tilt"
China NE (Beijing),single crystal Si,"rooftop, optimal tilt"
China NE (Beijing),single crystal Si,"utility, fixed tilt"
China NE (Beijing),single crystal Si,"utility, 1-axis tracking"
China NE (Beijing),CdTe,"rooftop, typical tilt"
China NE (Beijing),CdTe,"rooftop, optimal tilt"
China NE (Beijing),CdTe,"utility, fixed tilt"
China NE (Beijing),CdTe,"utility, 1-axis tracking"
China NE (Beijing),CIGS,"rooftop, typical tilt"
China NE (Beijing),CIGS,"rooftop, optimal tilt"
China NE (Beijing),CIGS,"utility, fixed tilt"
China NE (Beijing),CIGS,"utility, 1-axis tracking"
China (Lhasa),multi crystal Si (most common),"rooftop, typical tilt"
China (Lhasa),multi crystal Si (most common),"rooftop, optimal tilt"
China (Lhasa),multi crystal Si (most common),"utility, fixed tilt"
China (Lhasa),multi crystal Si (most common),"utility, 1-axis tracking"
China (Lhasa),single crystal Si,"rooftop, typical tilt"
China (Lhasa),single crystal Si,"rooftop, optimal tilt"
China (Lhasa),single crystal Si,"utility, fixed tilt"
China (Lhasa),single crystal Si,"utility, 1-axis tracking"
China (Lhasa),CdTe,"rooftop, typical tilt"
China (Lhasa),CdTe,"rooftop, optimal tilt"
China (Lhasa),CdTe,"utility, fixed tilt"
China (Lhasa),CdTe,"utility, 1-axis tracking"
China (Lhasa),CIGS,"rooftop, typical tilt"
China (Lhasa),CIGS,"rooftop, optimal tilt"
China (Lhasa),CIGS,"utility, fixed tilt"
China (Lhasa),CIGS,"utility, 1-axis tracking"
India (Mumbai),multi crystal Si (most common),"rooftop, typical tilt"
India (Mumbai),multi crystal Si (most common),"rooftop, optimal tilt"
India (Mumbai),multi crystal Si (most common),"utility, fixed tilt"
India (Mumbai),multi crystal Si (most common),"utility, 1-axis tracking"
India (Mumbai),single crystal Si,"rooftop, typical tilt"
India (Mumbai),single crystal Si,"rooftop, optimal tilt"
India (Mumbai),single crystal Si,"utility, fixed tilt"
India (Mumbai),single crystal Si,"utility, 1-axis tracking"
India (Mumbai),CdTe,"rooftop, typical tilt"
India (Mumbai),CdTe,"rooftop, optimal tilt"
India (Mumbai),CdTe,"utility, fixed tilt"
India (Mumbai),CdTe,"utility, 1-axis tracking"
India (Mumbai),CIGS,"rooftop, typical tilt"
India (Mumbai),CIGS,"rooftop, optimal tilt"
India (Mumbai),CIGS,"utility, fixed tilt"
India (Mumbai),CIGS,"utility, 1-axis tracking"
Germany (Berlin),multi crystal Si (most common),"rooftop, typical tilt"
Germany (Berlin),multi crystal Si (most common),"rooftop, optimal tilt"
Germany (Berlin),multi crystal Si (most common),"utility, fixed tilt"
Germany (Berlin),multi crystal Si (most common),"utility, 1-axis tracking"
Germany (Berlin),single crystal Si,"rooftop, typical tilt"
Germany (Berlin),single crystal Si,"rooftop, optimal tilt"
Germany (Berlin),single crystal Si,"utility, fixed tilt"
Germany (Berlin),single crystal Si,"utility, 1-axis tracking"
Germany (Berlin),CdTe,"rooftop, typical tilt"
Germany (Berlin),CdTe,"rooftop, optimal tilt"
Germany (Berlin),CdTe,"utility, fixed tilt"
Germany (Berlin),CdTe,"utility, 1-axis tracking"
Germany (Berlin),CIGS,"rooftop, typical tilt"
Germany (Berlin),CIGS,"rooftop, optimal tilt"
Germany (Berlin),CIGS,"utility, fixed tilt"
Germany (Berlin),CIGS,"utility, 1-axis tracking"
Saudi Arabia (Riyadh),multi crystal Si (most common),"rooftop, typical tilt"
Saudi Arabia (Riyadh),multi crystal Si (most common),"rooftop, optimal tilt"
Saudi Arabia (Riyadh),multi crystal Si (most common),"utility, fixed tilt"
Saudi Arabia (Riyadh),multi crystal Si (most common),"utility, 1-axis tracking"
Saudi Arabia (Riyadh),single crystal Si,"rooftop, typical tilt"
Saudi Arabia (Riyadh),single crystal Si,"rooftop, optimal tilt"
Saudi Arabia (Riyadh),single crystal Si,"utility, fixed tilt"
Saudi Arabia (Riyadh),single crystal Si,"utility, 1-axis tracking"
Saudi Arabia (Riyadh),CdTe,"rooftop, typical tilt"
Saudi Arabia (Riyadh),CdTe,"rooftop, optimal tilt"
Saudi Arabia (Riyadh),CdTe,"utility, fixed tilt"
Saudi Arabia (Riyadh),CdTe,"utility, 1-axis tracking"
Saudi Arabia (Riyadh),CIGS,"rooftop, typical tilt"
Saudi Arabia (Riyadh),CIGS,"rooftop, optimal tilt"
Saudi Arabia (Riyadh),CIGS,"utility, fixed tilt"
Saudi Arabia (Riyadh),CIGS,"utility, 1-axis tracking"
Russia (Moscow),multi crystal Si (most common),"rooftop, typical tilt"
Russia (Moscow),multi crystal Si (most common),"rooftop, optimal tilt"
Russia (Moscow),multi crystal Si (most common),"utility, fixed tilt"
Russia (Moscow),multi crystal Si (most common),"utility, 1-axis tracking"
Russia (Moscow),single crystal Si,"rooftop, typical tilt"
Russia (Moscow),single crystal Si,"rooftop, optimal tilt"
Russia (Moscow),single crystal Si,"utility, fixed tilt"
Russia (Moscow),single crystal Si,"utility, 1-axis tracking"
Russia (Moscow),CdTe,"rooftop, typical tilt"
Russia (Moscow),CdTe,"rooftop, optimal tilt"
Russia (Moscow),CdTe,"utility, fixed tilt"
Russia (Moscow),CdTe,"utility, 1-axis tracking"
Russia (Moscow),CIGS,"rooftop, typical tilt"
Russia (Moscow),CIGS,"rooftop, optimal tilt"
Russia (Moscow),CIGS,"utility, fixed tilt"
Russia (Moscow),CIGS,"utility, 1-axis tracking"
Egypt (Cairo),multi crystal Si (most common),"rooftop, typical tilt"
Egypt (Cairo),multi crystal Si (most common),"rooftop, optimal tilt"
Egypt (Cairo),multi crystal Si (most common),"utility, fixed tilt"
Egypt (Cairo),multi crystal Si (most common),"utility, 1-axis tracking"
Egypt (Cairo),single crystal Si,"rooftop, typical tilt"
Egypt (Cairo),single crystal Si,"rooftop, optimal tilt"
Egypt (Cairo),single crystal Si,"utility, fixed tilt"
Egypt (Cairo),single crystal Si,"utility, 1-axis tracking"
Egypt (Cairo),CdTe,"rooftop, typical tilt"
Egypt (Cairo),CdTe,"rooftop, optimal tilt"
Egypt (Cairo),CdTe,"utility, fixed tilt"
Egypt (Cairo),CdTe,"utility, 1-axis tracking"
Egypt (Cairo),CIGS,"rooftop, typical tilt"
Egypt (Cairo),CIGS,"rooftop, optimal tilt"
Egypt (Cairo),CIGS,"utility, fixed tilt"
Egypt (Cairo),CIGS,"utility, 1-axis tracking"
Singapore,multi crystal Si (most common),"rooftop, typical tilt"
Singapore,multi crystal Si (most common),"rooftop, optimal tilt"
Singapore,multi crystal Si (most common),"utility, fixed tilt"
Singapore,multi crystal Si (most common),"utility, 1-axis tracking"
Singapore,single crystal Si,"rooftop, typical tilt"
Singapore,single crystal Si,"rooftop, optimal tilt"
Singapore,single crystal Si,"utility, fixed tilt"
Singapore,single crystal Si,"utility, 1-axis tracking"
Singapore,CdTe,"rooftop, typical tilt"
Singapore,CdTe,"rooftop, optimal tilt"
Singapore,CdTe,"utility, fixed tilt"
Singapore,CdTe,"utility, 1-axis tracking"
Singapore,CIGS,"rooftop, typical tilt"
Singapore,CIGS,"rooftop, optimal tilt"
Singapore,CIGS,"utility, fixed tilt"
Singapore,CIGS,"utility, 1-axis tracking"
Spain (Madrid),multi crystal Si (most common),"rooftop, typical tilt"
Spain (Madrid),multi crystal Si (most common),"rooftop, optimal tilt"
Spain (Madrid),multi crystal Si (most common),"utility, fixed tilt"
Spain (Madrid),multi crystal Si (most common),"utility, 1-axis tracking"
Spain (Madrid),single crystal Si,"rooftop, typical tilt"
Spain (Madrid),single crystal Si,"rooftop, optimal tilt"
Spain (Madrid),single crystal Si,"utility, fixed tilt"
Spain (Madrid),single crystal Si,"utility, 1-axis tracking"
Spain (Madrid),CdTe,"rooftop, typical tilt"
Spain (Madrid),CdTe,"rooftop, optimal tilt"
Spain (Madrid),CdTe,"utility, fixed tilt"
Spain (Madrid),CdTe,"utility, 1-axis tracking"
Spain (Madrid),CIGS,"rooftop, typical tilt"
Spain (Madrid),CIGS,"rooftop, optimal tilt"
Spain (Madrid),CIGS,"utility, fixed tilt"
Spain (Madrid),CIGS,"utility, 1-axis tracking"
Colombia (Bogota),multi crystal Si (most common),"rooftop, typical tilt"
Colombia (Bogota),multi crystal Si (most common),"rooftop, optimal tilt"
Colombia (Bogota),multi crystal Si (most common),"utility, fixed tilt"
Colombia (Bogota),multi crystal Si (most common),"utility, 1-axis tracking"
Colombia (Bogota),single crystal Si,"rooftop, typical tilt"
Colombia (Bogota),single crystal Si,"rooftop, optimal tilt"
Colombia (Bogota),single crystal Si,"utility, fixed tilt"
Colombia (Bogota),single crystal Si,"utility, 1-axis tracking"
Colombia (Bogota),CdTe,"rooftop, typical tilt"
Colombia (Bogota),CdTe,"rooftop, optimal tilt"
Colombia (Bogota),CdTe,"utility, fixed tilt"
Colombia (Bogota),CdTe,"utility, 1-axis tracking"
Colombia (Bogota),CIGS,"rooftop, typical tilt"
Colombia (Bogota),CIGS,"rooftop, optimal tilt"
Colombia (Bogota),CIGS,"utility, fixed tilt"
Colombia (Bogota),CIGS,"utility, 1-axis tracking"
Australia (Sydney),multi crystal Si (most common),"rooftop, typical tilt"
Australia (Sydney),multi crystal Si (most common),"rooftop, optimal tilt"
Australia (Sydney),multi crystal Si (most common),"utility, fixed tilt"
Australia (Sydney),multi crystal Si (most common),"utility, 1-axis tracking"
Australia (Sydney),single crystal Si,"rooftop, typical tilt"
Australia (Sydney),single crystal Si,"rooftop, optimal tilt"
Australia (Sydney),single crystal Si,"utility, fixed tilt"
Australia (Sydney),single crystal Si,"utility, 1-axis tracking"
Australia (Sydney),CdTe,"rooftop, typical tilt"
Australia (Sydney),CdTe,"rooftop, optimal tilt"
Australia (Sydney),CdTe,"utility, fixed tilt"
Australia (Sydney),CdTe,"utility, 1-axis tracking"
Australia (Sydney),CIGS,"rooftop, typical tilt"
Australia (Sydney),CIGS,"rooftop, optimal tilt"
Australia (Sydney),CIGS,"utility, fixed tilt"
Australia (Sydney),CIGS,"utility, 1-axis tracking"
US SW (Tucson),multi crystal Si (most common),"rooftop, typical tilt"
US SW (Tucson),multi crystal Si (most common),"rooftop, optimal tilt"
US SW (Tucson),multi crystal Si (most common),"utility, fixed tilt"
US SW (Tucson),multi crystal Si (most common),"utility, 1-axis tracking"
US SW (Tucson),single crystal Si,"rooftop, typical tilt"
US SW (Tucson),single crystal Si,"rooftop, optimal tilt"
US SW (Tucson),single crystal Si,"utility, fixed tilt"
US SW (Tucson),single crystal Si,"utility, 1-axis tracking"
US SW (Tucson),CdTe,"rooftop, typical tilt"
US SW (Tucson),CdTe,"rooftop, optimal tilt"
US SW (Tucson),CdTe,"utility, fixed tilt"
US SW (Tucson),CdTe,"utility, 1-axis tracking"
US SW (Tucson),CIGS,"rooftop, typical tilt"
US SW (Tucson),CIGS,"rooftop, optimal tilt"
US SW (Tucson),CIGS,"utility, fixed tilt"
US SW (Tucson),CIGS,"utility, 1-axis tracking"
