index,input category,input,unit,"silica sand acquisition, single crystal Si NA, multi crystal Si China, multi crystal Si Europe,","MG-Si production, single crystal Si NA, multi crystal Si Europe,","Chinese MG-Si production, multi crystal Si China,","SG-Si production, single crystal Si NA,  multi crystal Si Europe,","Chinese SG-Si production, multi crystal Si China,","sc-crystallization, single crystal Si NA","mc-casting, multi crystal Si Europe","wafer production, sc, single crystal Si NA","wafer production, mc, multi crystal Si Europe ","Chinese mc-casting and wafer production, mc, multi crystal Si China,","cell production, sc, single crystal Si NA","cell production, mc, multi crystal Si Europe","Chinese cell production, mc, multi crystal Si China,","panel production, sc, single crystal Si NA","panel production, mc, multi crystal Si Europe","Chinese
panel production, mc, per unit","Chinese panel production, mc, per m2, multi crystal Si China,","laminate production, CdTe, Malaysia, CdTe NA","laminate production, CdTe, 
US","laminate production, CIGS, CIGS NA","panel production, CIGS, CIGS NA","inverter, 2,5kW,  rootop, typical tilt,  rooftop, optimal tilt","inverter, 500kW, utility, fixed tilt, utility, 1-axis tracking","electric installation, 3kWp plant,  rootop, typical tilt,  rooftop, optimal tilt","electric installation, 570kWp plant, utility, fixed tilt","electric installation, 570kWp plant, tracking, utility, 1-axis tracking","slanted-roof construction, mounted, on roof,  rootop, typical tilt,  rooftop, optimal tilt","mounting, open ground, fixed-tilt, utility, fixed tilt","mounting, open ground, tracking, utility, 1-axis tracking","installation,rooftop, 3kWp,  rootop, typical tilt,  rooftop, optimal tilt","installation,open ground, 570kWp, utility, fixed tilt, utility, 1-axis tracking","operation, rooftop, 3kWp,  rootop, typical tilt,  rooftop, optimal tilt","operation, open ground, 570kWp, utility, fixed tilt, utility, 1-axis tracking"
1,energy & fuel,electricity. medium voltage. at grid,kWh,,11,12.5,110,125,85.6,15.5,25.7,20.8,0.686,14.4,14.4,0.826,3.73,3.73,34,17.5257732,30.2,29.5,44.7,,21.2,4580,,,,,,,0.23,36,,
2,energy & fuel,heat. at cogen 1MWe lean burn. allocation by exergy,MJ,0.2,,,185,,,,,,,,,,,,,0,,,,,,,,,,,,,,,,
3,energy & fuel. reducing agent,petroleum coke. at refinery,kg,,0.5,0.6,,,,,,,,,,,,,,0,,,,,,,,,,,,,,,,
4,energy & fuel. reducing agent,hard coal coke. at plant,MJ,,23.1,27.5,,,,,,,,,,,,,,0,,,,,,,,,,,,,,,,
5,energy & fuel. reducing agent,charcoal. at plant,kg,,0.17,,,,,,,,,,,,,,,0,,,,,,,,,,,,,,,,
6,energy & fuel. reducing agent,wood chips. mixed. u=120%. at forest,kg,,1.35,0.07144536,,,,,,,,,,,,,,0,,,,,,,,,,,,,,,,
7,energy & fuel,natural gas. burned in industrial furnace low-Nox >100kW,MJ,,,,,,68.2,,4,4,,0.0608,0.247,,,,,0,,11.6,,,,,,,,,,,,,,
8,energy & fuel,light fuel oil. burned in industrial furnace 1MW. non-modulating,MJ,,,,,,,,,,,,0.0027,,,,,0,,,,15.5,,,,,,,,,,,,
9,energy & fuel,diesel. burned in building machine,MJ,,,,,,,,,,,,,,0.00875,0.00875,,0,,,,,,,,,,,,,,7670,,
10,water,water. cooling. unspecified natural origin,m3,,,0.12,,0.471,5.09,0.943,,,,,,,,,,0,,,,,,,,,,,,,,,,
11,water,water. deionized. at plant,kg,,,,,,4.01,,18,,,,,,,,,0,,,,,,,,,,,,,,,,
12,water,water. tap. at user,kg,,,,,,94.1,,0.006,164,,171,251,,5.03,5.03,,0,211,132,131,,,,,,,,,,,,0.00549,0.00337
13,metal,steel. low-alloyed. at plant,kg,,,,,,,,0.797,0.797,,,,,,,,0,,,,,9.8,1440,0.86,52.9,69.828,1.5,,,,,,
14,metal,steel. chromium steel 18/8. at plant,kg,,,,,,,,,,,,,,,,,0,,,,,,,,,,,0.247,0.38038,,,,
15,metal,steel. reinforcing steel. at plant,kg,,,,,,,,,,,,,,,,,0,,,,,,,,,,,7.21,11.1034,,,,
16,metal,copper. at regional storage,kg,,,,,,,,,,,,,,0.103,0.103,0.036,0.018556701,,,0.00977,,5.51,335,14.7,741,978.12,,,0,,,,
17,metal,aluminum alloy. AlMg3. at plant,kg,,,,,,,,,,,,,,2.13,2.13,3.4,1.75257732,,,,2.2,,,,,,2.84,3.98,6.1292,,,,
18,metal,aluminum. production mix. wrought alloy. at plant,kg,,,,,,,,,,,,,,,,,0,,,0.0444,,1.4,131,,,,,,0,,,,
19,metal,brass. at plant,kg,,,,,,,,0.00744,0.00744,,,,,,,,0,,,,,,,0.02,1.36,1.7952,,,0,,,,
20,metal,zinc. primary. at regional storage,kg,,,,,,,,,,,,,,,,,0,,,,,,,0.04,2.73,3.6036,,,0,,,,
21,metal,zinc coating. pieces,kg,,,,,,,,,,,,,,,,,0,,,,,,,,,,,0.156,0.24024,,,,
22,metal,zinc coating. coils,kg,,,,,,,,,,,,,,,,,0,,,,,,,,,,,0.109,0.16786,,,,
23,metal,tin. at regional storage,kg,,,,,,,,,,,,,,0.0129,0.0129,,0,,,0.0123,,,,,,,,,0,,,,
24,metal,lead. at regional storage,kg,,,,,,,,,,,,,,0.000725,0.000725,,0,,,,,,,,,,,,0,,,,
25,process,section bar rolling. steel,kg,,,,,,,,,,,,,,,,,0,,,,,,,,,,,6.15,9.471,,,,
26,process,wire drawing. steel,kg,,,,,,,,0.805,0.805,0.0158,,,,,,,0,,,,,,,,,,,1.06,1.6324,,,,
27,process,sheet rolling. steel,kg,,,,,,,,,,,,,,,,,0,,,,,9.8,1440,,,,1.5,,0,,,,
28,process,wire drawing. copper,kg,,,,,,,,,,,,,,0.103,0.103,,0,,,0.00977,,5.51,335,14.7,741,978.12,,,0,,,,
29,process,section bar extrusion. aluminum,kg,,,,,,,,,,,,,,,,,0,,,,,1.4,131,,,0,2.84,3.98,6.1292,,,,
30,infrastructure,silicone plant,unit,,1E-11,,1E-11,,1E-11,1E-11,,,,,,,,,,0,,,,,,,,,0,,,0,,,,
31,infrastructure,wafer factory,unit,,,,,,,,0.000004,0.000004,,,,,,,,0,,,,,,,,,0,,,0,,,,
32,infrastructure,photovoltaic cell factory,unit,,,,,,,,,,,0.0000004,0.0000004,,,,,0,,,,,,,,,0,,,0,,,,
33,infrastructure,photovoltaic panel factory,unit,,,,,,,,,,,,,,0.000004,0.000004,,0.000004,0.000004,0.000004,0.000004,,,,,,0,,,0,,,,
34,infrastructure,metal working factory,unit,,,,,,,,,,,,,,,,,0,,,,,8.97E-09,0.00000136,,,0,,,0,,,,
35,transport,lorry>16t. fleet average,tkm,,0.156,,2.66,,0.95105,0.76,0.929,0.846,,0.3255,0.574,,5.85,5.85,,5.85,0.412,7.75,3.14,0.225,2.3,306,2.15,94,94,0.225,0.217,0.217,166,35200,,
36,transport,freight. rail,tkm,,0.069,,2.4,,1.5662,0.169,3.84,3.86,,1.726,0.602,,42.5,42.5,,42.5,5.35,,18.7,1.34,7.11,1070,13.4,333,333,1.5,5.14,5.14,,,,
37,transport,transoceanic freight ship,tkm,,2.55,,,,,,,,,0.0306,,,,,,0,231,,,,36.3,1040,,,0,,,0,,141000,,
38,transport,van <3.5t,tkm,,,,,,,,,,,,,,,,,0,,,,,,,,,0,0.434,1.14,1.14,41.2,7980,,
39,input from prior stage in life cycle,"silica sand acquisition, single crystal Si NA, multi crystal Si China, multi crystal Si Europe,",kg,,2.7,2.68,,,,,,,,,,,,,,0,,,,,,,,,0,,,0,,,,
40,input from prior stage in life cycle,"MG-Si production, single crystal Si NA, multi crystal Si Europe,",kg ,,,,1.13,,,,,,,,,,,,,0,,,,,,,,,0,,,0,,,,
40.5,input from prior stage in life cycle,"Chinese MG-Si production, multi crystal Si China,",kg ,,,,,1.12,,,,,,,,,,,,0,,,,,,,,,,,,,,,,
41,input from prior stage in life cycle,"SG-Si production, single crystal Si NA,  multi crystal Si Europe,",kg,,,,,,0.781,0.7,,,,,,,,,,0,,,,,,,,,0,,,0,,,,
41.5,input from prior stage in life cycle,"Chinese SG-Si production, multi crystal Si China,",kg ,,,,,,,,,,0.0204,,,,,,,0,,,,,,,,,,,,,,,,
42,input from prior stage in life cycle,"sc-crystallization, single crystal Si NA",kg,,,,,,,,1.58,,,,,,,,,0,,,,,,,,,0,,,0,,,,
43,input from prior stage in life cycle,"mc-casting, multi crystal Si Europe",kg ,,,,,,,,,1.02,,,,,,,,0,,,,,,,,,0,,,0,,,,
44,input from prior stage in life cycle,"wafer production, sc, single crystal Si NA",m2,,,,,,,,,,,1.03,,,,,,0,,,,,,,,,0,,,0,,,,
45,input from prior stage in life cycle,"wafer production, mc, multi crystal Si Europe ",m2,,,,,,,,,,,,1.04,,,,,0,,,,,,,,,0,,,0,,,,
45.5,input from prior stage in life cycle,"Chinese mc-casting and wafer production, mc, multi crystal Si China,",unit,,,,,,,,,,,,,1,,,,0,,,,,,,,,,,,,,,,
46,input from prior stage in life cycle,"cell production, sc, single crystal Si NA",m2,,,,,,,,,,,,,,0.935,,,0,,,,,,,,,0,,,0,,,,
47,input from prior stage in life cycle,"cell production, mc, multi crystal Si Europe",m2,,,,,,,,,,,,,,,0.935,,0,,,,,,,,,0,,,0,,,,
47.5,input from prior stage in life cycle,"Chinese cell production, mc, multi crystal Si China,",unit,,,,,,,,,,,,,,,,72,37.11340206,,,,,,,,,,,,,,,,
48,input from prior stage in life cycle,"panel production, sc, single crystal Si NA",m2,,,,,,,,,,,,,,,,,0,,,,,,,,,0,,,0,12345,12345,,
49,input from prior stage in life cycle,"panel production, mc, multi crystal Si Europe",m2,,,,,,,,,,,,,,,,,0,,,,,,,,,0,,,0,12345,12345,,
49,input from prior stage in life cycle,"Chinese panel production, mc, per m2, multi crystal Si China,",m2,,,,,,,,,,,,,,,,,0,,,,,,,,,0,,,0,12345,12345,,
50,input from prior stage in life cycle,"laminate production, CdTe, Malaysia, CdTe NA",m2,,,,,,,,,,,,,,,,,0,,,,,,,,,0,,,0,123245,12345,,
51,input from prior stage in life cycle,"laminate production, CIGS, CIGS NA",m2,,,,,,,,,,,,,,,,,0,,,,1,,,,,0,,,0,,,,
52,input from prior stage in life cycle,"panel production, CIGS, CIGS NA",m2,,,,,,,,,,,,,,,,,0,,,,,,,,,0,,,0,12345,12345,,
53,input from prior stage in life cycle,"inverter, 2,5kW,  rootop, typical tilt,  rooftop, optimal tilt",unit,,,,,,,,,,,,,,,,,0,,,,,,,,,0,,,0,2.4,,,
54,input from prior stage in life cycle,"inverter, 500kW, utility, fixed tilt, utility, 1-axis tracking",unit,,,,,,,,,,,,,,,,,0,,,,,,,,,0,,,0,,3.13,,
55,input from prior stage in life cycle,"electric installation, 3kWp plant,  rootop, typical tilt,  rooftop, optimal tilt",unit,,,,,,,,,,,,,,,,,0,,,,,,,,,0,,,0,1,,,
56,input from prior stage in life cycle,"electric installation, 570kWp plant, utility, fixed tilt",unit,,,,,,,,,,,,,,,,,0,,,,,,,,,0,,,0,,1,,
56.5,input from prior stage in life cycle,"electric installation, 570kWp plant, tracking, utility, 1-axis tracking",unit,,,,,,,,,,,,,,,,,0,,,,,,,,,0,,,0,,1,,
57,input from prior stage in life cycle,"slanted-roof construction, mounted, on roof,  rootop, typical tilt,  rooftop, optimal tilt",m2,,,,,,,,,,,,,,,,,0,,,,,,,,,0,,,0,123456,,,
58,input from prior stage in life cycle,"mounting, open ground, fixed-tilt, utility, fixed tilt",m2,,,,,,,,,,,,,,,,,0,,,,,,,,,0,,,0,,123456,,
58.5,input from prior stage in life cycle,"mounting, open ground, tracking, utility, 1-axis tracking",m2,,,,,,,,,,,,,,,,,0,,,,,,,,,0,,,0,,123456,,
59,input from prior stage in life cycle,"installation,rooftop, 3kWp,  rootop, typical tilt,  rooftop, optimal tilt",unit,,,,,,,,,,,,,,,,,0,,,,,,,,,0,,,0,,,1234567,
60,input from prior stage in life cycle,"installation,open ground, 570kWp, utility, fixed tilt, utility, 1-axis tracking",unit,,,,,,,,,,,,,,,,,0,,,,,,,,,0,,,0,,,,1234567
61,waste management,disposal. slag to landfill. 0% water,kg,,0.025,,,,,,,,,,,,,,,0,,,,,,,,,0,,,0,,,,
62,waste management,disposal. waste. Si waferprod.. inorg. 9.4% water. to residual material landfill,kg,,,,,,0.167,,,,,2.33,2.74,,,,,0,,,0.0202,,,,,,0,,,0,,,,
63,waste management,disposal. waste. silicon wafer production. 0% water. to underground deposit,kg,,,,,,,,0.11,0.17,,,,,,,,0,,,,,,,,,0,,,0,,,,
64,waste management,treatment. PV cell production effluent. to wastewater treatment.class 3,m3,,,,,,,,,,,0.158,0.0789,,,,,0,,,0.131,,,,,,0,,,0,,,,
65,waste management,disposal.solvents mixture. 16.5% water. to hazardous waste incineration,kg,,,,,,,,,,,0.172,0.0108,,,,,0,,,,,,,,,0,,,0,,,,
66,waste management,disposal. municipal solid waste. 22.9% water. to municipal incineration,kg,,,,,,,,,,,,,,0.03,0.03,,0.03,0.03,0.03,,,,,,,0,,,0,,,,
67,waste management,disposal. polyvinylfluoride. 0.2% water. to municipal incineration,kg,,,,,,,,,,,,,,0.112,0.112,,0.112,,,,,,,,,0,,,0,,,,
68,waste management,disposal. plastics . mixture. 15.3% water. to municipal incineration,kg,,,,,,,,,,,,,,1.64,1.64,,1.64,0.708,0.708,0.751,0.04,,,,,0,,,0,,,,
69,waste management,disposal. used mineral oil. 10% water. to hazardous waste incineration,kg,,,,,,,,,,,,,,0.00161,0.00161,,0.00161,,,,,,881,,,0,,,0,,,,
70,waste management,disposal. packaging cardboard. 19.6% water. to municipal incineration,kg,,,,,,,,,,,,,,,,,0,,,,,2.5,13.6,,,0,0.133,0.0864,0.0864,,,,
71,waste management,disposal. building. polyethylene/polypropylene productions. to final disposal,kg,,,,,,,,,,,,,,,,,0,,,,,,,,,0,0.0014,0.000909,0.000909,,,,
72,waste management,disposal. building. polystyrene isolation. flame retardant. to final disposal,kg,,,,,,,,,,,,,,,,,0,,,,,,,,,0,0.00702,0.00455,0.00455,,,,
73,waste management,treatment. sewage. from residence. to wastewater treatment. class 2,m3,,,,,,,,,,,,,,0.00505,0.00505,,0.00505,,0.0616,,,,,,,0,,,0,,,0.00000549,0.00000337
74,waste management,disposal. polystyrene. .2% water. to municipal incineration,kg,,,,,,,,,,,,,,,,,0,,,,,0.31,1.6,,,0,,,0,,,,
75,waste management,disposal. polyethylene. 0.4% water. to municipal incineration,kg,,,,,,,,,,,,,,,,,0,,,,,0.06,1.6,,,0,,,0,,,,
76,waste management,disposal. plastic. industr. Electronics. 15.3% water. to municipal incineration,kg,,,,,,,,,,,,,,,,,0,,,,,,230,20.2,770,770,,,0,,,,
77,waste management,disposal. building. electric wiring. to final disposal,kg,,,,,,,,,,,,,,,,,0,,,,,,,0.06,4.09,4.09,,,0,,,,
78,waste management,disposal. treatment of printed wiring boards,kg,,,,,,,,,,,,,,,,,0,,,,,1.7,48.9,,,0,,,0,,,,
79,land use,transformation. from pasture and meadow,m2,,,,,,,,,,,,,,,,,0,,,,,,,,,0,,4.72,4.72,,,,
80,land use,transformation. to industrial area. built up,m2,,,,,,,,,,,,,,,,,0,,,,,,,,,0,,1.5,1.5,,,,
81,land use,transformation. to industrial area. vegetation,m2,,,,,,,,,,,,,,,,,0,,,,,,,,,0,,3.22,3.22,,,,
82,land use,occupation. industrial area. built up,m2,,,,,,,,,,,,,,,,,0,,,,,,,,,0,,45,45,,,,
83,land use,occupation. industrial area. vegetation,m2,,,,,,,,,,,,,,,,,0,,,,,,,,,0,,96.6,96.6,,,,
84,other,sand,kg,1.04,,,,,,,,,,,,,,,,0,,,,,,,,,0,,,0,,,,
85,other,flat glass. uncoated. at plant,kg,,,,,,,,0.00999,0.0408,,,,,,,,0,8.13,8.25,5.27,,,,,,0,,,0,,,,
86,other,tempering. flat glass,kg,,,,,,,,,,,,,,8.81,8.81,,0,8.38,8.47,7.7,,,,,,0,,,0,,,,
87,other,solar glass. low-iron. at regional storage,kg,,,,,,,,,,0.000969,,,,8.81,8.81,17.9,9.226804124,8.38,8.47,7.7,,,,,,0,,,0,,,,
88,other,concrete. normal. at plant,kg,,,,,,,,,,,,,,,,,0,,,,,,,,,0,,0.000537,0.000537,,,,
89,other,graphite. at plant,kg,,0.1,0.12,,,,,,,,,,,,,,0,,,,,,,,,0,,,0,,,,
90,other,oxygen. liquid. at plant,kg,,0.02,,,,,,,,,,0.00822,0.00045,,,,0,,,,,,,,,0,,,0,,,,
91,other,hydrochloric acid. 30% in H20. at plant,kg,,,,1.6,,,,0.0027,0.0027,0.000165,0.000629,0.00859,0.00107,,,,0,,,0.0994,,,,,,0,,,0,,,,
92,other,hydrogen. liquid. at plant,kg,,,,0.0501,0.0536,,,,,,,,,,,,0,,,,,,,,,0,,,0,,,,
93,other,sodium hydroxide. 50% in H2O. proudction mix. at plant,kg,,,,0.348,0.87,0.0415,0.005,0.015,0.015,0.0000501,0.604,0.0707,,,,,0,0.0493,0.0493,0.0334,,,,,,0,,,0,,,,
94,other,argon. liquid. at plant,kg,,,,,,1,0.225,,,0.00779,,,,,,,0,,,0.019,,,,,,0,,,0,,,,
95,other,HF. at plant,kg,,,,,,0.01,,,,0.00024,0.000645,0.403,0.00397,0.0624,0.0624,,0,,,,,,,,,0,,,0,,,,
96,other,nitric acid. 50% in H2O. at plant,kg,,,,,,0.0668,,,,0.00078,,0.293,0.00282,,,,0,0.0572,0.0572,,,,,,,0,,,0,,,,
97,other,acetic acid. 98% in H2O. at plant,kg,,,,,,,,0.039,0.039,0.000539,,,,,,,0,,,,,,,,,0,,,0,,,,
98,other,acetone. liquid. at plant,kg,,,,,,,,,,,,,,,,,0,,,,,,,,,0,,,0,,,,
99,other,ceramic tiles. at regional storage,kg,,,,,,0.0167,0.214,,,,,,,,,,0,,,,,,,,,0,,,0,,,,
100,other,lime. hydrated. packed. at plant,kg,,,,,,0.0222,,,,,0.0151,0.218,,,,,0,,,,,,,,,0,,,0,,,,
101,other,helium. at plant,kg,,,,,,,0.0000776,,,,,,,,,,0,0.0364,0.0364,,,,,,,0,,,0,,,,
102,other,nitrogen. liquid. at plant,kg,,,,,,,0.0304,,,0.00362,1.15,1.35,0.0761,,,,0,0.0732,0.0732,15.7,,,,,,0,,,0,,,,
103,other,silicon carbide. at plant,kg,,,,,,,,0.62,0.62,0.00608,,,,,,,0,,,,,,,,,0,,,0,,,,
104,other,silicon carbide. recycling. at plant,kg,,,,,,,,1.41,1.41,,,,,,,,0,,,,,,,,,0,,,0,,,,
105,other,triethylene glycol. at plant,kg,,,,,,,,0.218,0.218,0.0512,,,,,,,0,,,,,,,,,0,,,0,,,,
106,other,triethylene glycol. recycling. at plant,kg,,,,,,,,1.95,1.95,,,,,,,,0,,,,,,,,,0,,,0,,,,
107,other,dipropylene glycol monomethyl ether. at plant ,kg,,,,,,,,0.3,0.3,0.00064,,,,,,,0,,,,,,,,,0,,,0,,,,
108,other,alkylbenzene sulfonate. linear. petrochemical. at plant,kg,,,,,,,,0.24,0.24,,,,,,,,0,,,,,,,,,0,,,0,,,,
109,other,acrylic binder. 34% in H2O. at plant,kg,,,,,,,,0.002,0.00385,,,,,,,,0,,,,,,,,,0,,,0,,,,
110,other,metallization paste. front side. at plant,kg,,,,,,,,,,,0.00575,0.00912,,,,,0,,,,,,,,,0,,,0,,,,
111,other,metallization paste. back side. at plant,kg,,,,,,,,,,,0.00384,0.00534,,,,,0,,,,,,,,,0,,,0,,,,
112,other,metallization paste. back side aluminum. at plant,kg,,,,,,,,,,,0.0559,0.0596,0.00146,,,,0,,,,,,,,,0,,,0,,,,
113,other,ammonia. liquid. at regional storehouse,kg,,,,,,,,,,,0.0219,0.00892,0.00231,,,,0,,,0.0929,,,,,,0,,,0,,,,
114,other,phosphoric acid. fertiliser grade. 70% in H2O. at plant,kg,,,,,,,,,,,,0.00863,,,,,0,,,,,,,,,0,,,0,,,,
115,other,phosphoryl chloride. at plant,kg,,,,,,,,,,,0.0133,0.0274,0.00002,,,,0,,,,,,,,,0,,,0,,,,
116,other,isopropanol. at plant,kg,,,,,,,,,,,0.177,0.00081,,0.000147,0.000147,,0,0.00208,0.00208,,,,,,,0,,,0,,,,
117,other,solvents. organic. unspecified. at plant,kg,,,,,,,,,,,,0.0113,,,,,0,,,,,,,,,0,,,0,,,,
118,other,calcium chloride. CaCl2. at regional storage,kg,,,,,,,,,,,,0.0315,,,,,0,,,,,,,,,0,,,0,,,,
119,other,hydrogen peroxide. 50% in H2O. at plant,kg,,,,,,,,,,,,0.000452,,,,,0,0.0167,0.0167,0.0231,,,,,,0,,,0,,,,
120,other,sulphuric acid. liquid. at plant,kg,,,,,,,,,,,,0.101,,,,,0,0.0393,0.0393,0.0331,,,,,,0,,,0,,,,
121,other,refrigerant R134a. at plant,kg,,,,,,,,,,,0.0000312,0.0000273,,,,,0,,,,,,,,,0,,,0,,,,
122,other,potassium hydroxide.atregional storage ,kg,,,,,,,,,,0.00002,,0.03,,0.0514,0.0514,,0,,,,,,,,,0,,,0,,,,
123,other,ammonium sulphate. as N. at regional storehouse ,kg,,,,,,,,,,,,0.021,,,,,0,,,,,,,,,0,,,0,,,,
124,other,silicon tetrahydride. at plant,kg,,,,,,,,,,,0.00291,0.00261,0.00083,,,,0,,,,,,,,,0,,,0,,,,
125,other,diode. unspecified. at plant,kg,,,,,,,,,,,,,,0.00281,0.00281,,0,,,0.00144,,,,,,0,,,0,,,,
126,other,polyethylene. HDPE. granulate. at plant,kg,,,,,,,,,,,,,,0.0238,0.0238,,0,,,0.0484,,,22,17.6,709,1049.32,0.0014,0.000909,0.000909,,,,
127,other,glass fibre reinforced plastic. polyamide. injection moulding. at plant,kg,,,,,,,,,,,,,,0.295,0.295,,0,0.108,0.108,,0.04,,71,,,0,,,0,,,,
128,other,ethylvinylacetate. foil. at plant,kg,,,,,,,,,,,,,,0.875,0.875,1.9,0.979381443,0.486,0.486,0.751,,,,,,0,,,0,,,,
129,other,polyvinylflouride film. at plant,kg,,,,,,,,,,,,,,0.112,0.112,0.255,0.131443299,,,,,,,,,0,,,0,,,,
130,other,polystyrene. high impact. HIPS. at plant,kg,,,,,,,,,,,,,,,,,0,,,,,,,,,0,0.00702,0.00455,0.00455,,,,
131,other,polyethylene terphthalate. granulate. amorphous. at plant,kg,,,,,,,,,,,,,,0.346,0.346,0.52,0.268041237,,,0.336,,,,,,0,,,0,,,,
132,other,silicone product. at plant,kg,,,,,,,,,,,,,,0.122,0.122,0.113,0.058247423,0.00307,0.00307,0.404,,,,,,0,,,0,,,,
133,other,corrugated board. mixed fibre. single wall. at plant,kg,,,,,,,,,,,,,,0.763,0.763,,,0.522,0.522,,,2.5,13.6,,,0,0.133,0.0864,0.0864,,,,
134,other,1-propanol. at plant,kg,,,,,,,,,,,,,,0.0159,0.0159,,,,,,,,,,,0,,,0,,,,
135,other,EUR-flat pallet,unit,,,,,,,,,,,,,,0.05,0.05,,,,,0.05,,,,,,0,,,0,,,,
136,other,soap. at plant,kg,,,,,,,,,,,,,,0.0116,0.0116,,,,,,,,,,,0,,,0,,,,
137,other,acrylonitrile-butadiene-styrene copolymer. ABS. at plant,kg ,,,,,,,,,,,,,,,,,,,,,,,,,,0,,,0,,,,
138,other,polycarbonate. at plant,kg ,,,,,,,,,,,,,,,,,,,,,,,,0.2,0.136,0.136,,,0,,,,
139,other,styrene-acrylonitrile copolymer. SAN. at plant,kg ,,,,,,,,,,,,,,,,,,,,,,0.01,,,,0,,,0,,,,
140,other,polyvinylchloride. at regional storage,kg ,,,,,,,,,,,,,,,,,,,,,,0.01,,,,0,,,0,,,,
141,other,polyvinylchloride. bulk polymerised. at plant,kg,,,,,,,,,,,,,,,,,,,,,,,,2.13,44.9,44.9,,,0,,,,
142,other,printed wiring board. through-hole. at plant,m2,,,,,,,,,,,,,,,,,,,,,,0.225,0.225,,,0,,,0,,,,
143,other,connector. clamp connection. at plant,kg ,,,,,,,,,,,,,,,,,,,,,,0.237,47.4,,,0,,,0,,,,
144,other,inductor. ring core choke type. at plant,kg ,,,,,,,,,,,,,,,,,,,,,,0.351,0.351,,,0,,,0,,,,
145,other,integrated circuit. IC. logic type. at plant,kg ,,,,,,,,,,,,,,,,,,,,,,0.028,0.028,,,0,,,0,,,,
146,other,transistor. wired. small size. through-hole mounting. at plant,kg ,,,,,,,,,,,,,,,,,,,,,,0.038,0.038,,,0,,,0,,,,
147,other,diode. glass-. through-hole mounting. at plant,kg ,,,,,,,,,,,,,,,,,,,,,,0.047,0.047,,,0,,,0,,,,
148,other,capacitor. film. through-hole mounting. at plant,kg ,,,,,,,,,,,,,,,,,,,,,,0.341,0.341,,,0,,,0,,,,
149,other,capacitor. electrolyte type. >2cm height. at plant,kg,,,,,,,,,,,,,,,,,,,,,,,0.256,,,0,,,0,,,,
150,other,capacitor. tantalum-. through-hole mounting,kg ,,,,,,,,,,,,,,,,,,,,,,0.023,0.023,,,0,,,0,,,,
151,other,resistor. metal film type. through-hole mounting. at plant,kg ,,,,,,,,,,,,,,,,,,,,,,0.005,0.005,,,0,,,0,,,,
152,other,polystyrene foam slab. at plant,kg ,,,,,,,,,,,,,,,,,,,,,,0.3,1.6,,,0,,,0,,,,
153,other,fleece. polyethylene. at plant,kg ,,,,,,,,,,,,,,,,,,,,,,0.06,0.3,,,0,,,0,,,,
154,other,lubricating oil. at plant,kg,,,,,,,,,,,,,,,,,,,,,,,881,,,0,,,0,,,,
155,other,glass fibre reinforced plastic. polyester resin. hand lay-up. at plant,kg,,,,,,,,,,,,,,,,,,,,,,,44,,,0,,,0,,,,
156,other,injection moulding,kg,,,,,,,,,,,,,,,,,,,,,,,71,,,0,,,0,,,,
157,other,nylon 6. at plant,kg,,,,,,,,,,,,,,,,,,,,,,,,0.23,15.7,15.7,,,0,,,,
158,other,epoxy resin. liquid. at plant,kg,,,,,,,,,,,,,,,,,,,,,,,,0.002,0.136,0.136,,,0,,,,
159,other,cadmium telluride. semiconductor-grade. at plant,kg,,,,,,,,,,,,,,,,,,0.0234,0.0258,,,,,,,0,,,0,,,,
160,other,cadmium sulphide. semiconductor-grade. at plant,kg,,,,,,,,,,,,,,,,,,0.00352,0.00352,0.000269,,,,,,0,,,0,,,,
161,other,silica sand. at plant,kg,,,,,,,,,,0.00389,,,,,,,,0.0468,0.0468,,,,,,,0,,,0,,,,
162,other,sodium chloride. powder. at plant,kg,,,,,,,,,,,,,,,,,,0.0453,0.0453,,,,,,,0,,,0,,,,
163,other,chemicals inorganic. at plant,kg,,,,,,,,,,,,,,,,,,0.0376,0.0376,,,,,,,0,,,0,,,,
164,other,chemicals organic. at plant,kg,,,,,,,,,,,,,,,,,,0.00974,0.00974,,,,,,,0,,,0,,,,
165,other,molybdenum. at regional storage,kg,,,,,,,,,,,,,,,,,,,,0.00606,,,,,,0,,,0,,,,
166,other,indium. at regional storage,kg,,,,,,,,,,,,,,,,,,,,0.00282,,,,,,0,,,0,,,,
167,other,gallium. semiconductor-grade. at plant,kg,,,,,,,,,,,,,,,,,,,,0.000899,,,,,,0,,,0,,,,
168,other,selenium. at plant,kg,,,,,,,,,,,,,,,,,,,,0.0056,,,,,,0,,,0,,,,
169,other,flux. wave soldering. at plant,kg,,,,,,,,,,,,,,,,,,,,0.0123,,,,,,0,,,0,,,,
170,other,zinc oxide. at plant,kg,,,,,,,,,,,,,,,,,,,,0.00909,,,,,,0,,,0,,,,
171,other,polyvinylbutyral foil,kg,,,,,,,,,,,,,,,,,,,,0.189,,,,,,0,,,0,,,,
172,other,polyphenylene sulfide. at plant,kg,,,,,,,,,,,,,,,,,,,,0.0859,,,,,,0,,,0,,,,
173,other,butyl acrylate. at plant,kg,,,,,,,,,,,,,,,,,,,,0.101,,,,,,0,,,0,,,,
174,other,diborane. at plant,kg,,,,,,,,,,,,,,,,,,,,0.000201,,,,,,0,,,0,,,,
175,other,hydrogen sulfide. H2S. at plant,kg,,,,,,,,,,,,,,,,,,,,0.191,,,,,,0,,,0,,,,
176,other,urea. as N. at regional storehouse,kg,,,,,,,,,,,,,,,,,,,,0.00115,,,,,,0,,,0,,,,
177,other,disposal. inert waste. 5% water. to inert material landfill,kg,,,,,,,,,,,,,,,,,,,,0.65,,,,,,0,,,0,,,,
178,other,disposal. waste glass {Europe without Switzerland}| treatment of waste glass. municipal incineration | Alloc Def. S,kg,,,,,,,,,,,,,,,,,,,,3.44,,,,,,0,,,0,,,,
179,emission to air,heat. waste,MJ,,71.3,,351,,246,55.8,92.5,74.9,,51.8,51.8,,13.4,13.4,,,209,209,161,,76.3,16500,,,,,,,0.828,130,0.25,0.25
180,emission to air,CO?. fossil,kg,,,,,,,,,,,0.167,0.682,,0.0218,0.0218,,,,,,,,,,,,,,,,,,
181,emission to air,CO?. biogenic,kg,,,,,,,,,,,,,,,,,,,,,,,,,,,,,,,,,
182,emission to air,other emissions not tabulated (yet),kg,,,,,,,,,,,,,,,,,,,,,,,,,,,,,,,,,
183,to sort later,chlorine. liquid. production mix. at plant,kg,,,,,0.2,,,,,,,,,,,,,,,,,,,,,,,,,,,,
184,to sort later,limestone. milled. packed. at plant,kg,,,,,0.58,,,,,,,,,,,,,,,,,,,,,,,,,,,,
185,to sort later,steam. for chemical processes. at plant,kg,,,,,68.1,,,,,,,,,,,,,,,,,,,,,,,,,,,,
186,to sort later,potassium nitrate. as N. at regional storehouse,kg,,,,,,,,,,0.00022,,,,,,,,,,,,,,,,,,,,,,,
187,to sort later,steel. converter. unalloyed. at plant,kg,,,,,,,,,,0.0158,,,,,,,,,,,,,,,,,,,,,,,
188,to sort later,acrylic acid. at plant,kg,,,,,,,,,,0.000046,,,,,,,,,,,,,,,,,,,,,,,
189,to sort later,silver. at regional storage,kg,,,,,,,,,,,,,0.00062,,,,,,,,,,,,,,,,,,,,
