Date,Summed Demand (MW),Summed Net Generation (MW)
1/1/16,4525310,4283251
1/2/16,4524037,4284277
1/3/16,4430304,4169015
1/4/16,4894635,4651346
1/5/16,5037572,4820103
1/6/16,4896768,4648392
1/7/16,4656801,4403321
1/8/16,4580623,4308200
1/9/16,4570464,4261708
1/10/16,4825998,4494523
1/11/16,5140636,4906619
1/12/16,5011996,4797723
1/13/16,4950459,4786297
1/14/16,4720061,4466499
1/15/16,4569207,4291834
1/16/16,4560941,4276141
1/17/16,4711015,4441708
1/18/16,5161029,4968879
1/19/16,5132057,4942522
1/20/16,4974893,4759360
1/21/16,4932197,4664747
1/22/16,5056491,4776562
1/23/16,4795626,4595780
1/24/16,4607064,4379004
1/25/16,4676079,4402620
1/26/16,4764581,4483004
1/27/16,4875622,4565104
1/28/16,4754231,4475035
1/29/16,4575085,4295859
1/30/16,4171398,3887622
1/31/16,4022513,3731284
2/1/16,4440637,4160196
2/2/16,4529598,4255157
2/3/16,4700048,4409584
2/4/16,4839476,4544549
2/5/16,4784395,4555547
2/6/16,4439582,4201269
2/7/16,4314151,4081013
2/8/16,4783862,4583055
2/9/16,4914384,4721280
2/10/16,4876050,4706083
2/11/16,4779669,4578933
2/12/16,4687927,4468329
2/13/16,4517324,4302125
2/14/16,4404365,4183779
2/15/16,4570868,4321770
2/16/16,4585558,4301421
2/17/16,4536869,4257409
2/18/16,4507514,4254562
2/19/16,4353437,4113448
2/20/16,4016888,3698943
2/21/16,3963720,3619093
2/22/16,4378491,4055631
2/23/16,4544858,4256649
2/24/16,4662798,4336289
2/25/16,4612935,4328767
2/26/16,4546491,4306160
2/27/16,4178567,3931130
2/28/16,3976826,3685205
2/29/16,4365652,4053345
3/1/16,4477501,4159234
3/2/16,4525245,4266185
3/3/16,4516104,4275958
3/4/16,4452111,4219444
3/5/16,4145966,3885808
3/6/16,3999708,3808476
3/7/16,4299208,4042265
3/8/16,4307167,4013833
3/9/16,4292588,3972807
3/10/16,4322488,3983302
3/11/16,4280030,3946810
3/12/16,3981850,3689140
3/13/16,3841378,3529446
3/14/16,4368844,4042752
3/15/16,4428238,4117712
3/16/16,4380505,4037275
3/17/16,4392200,4034643
3/18/16,4426703,4089879
3/19/16,4107801,3836113
3/20/16,4087338,3844337
3/21/16,4401242,4161497
3/22/16,4296452,4038821
3/23/16,4327951,4039859
3/24/16,4310529,4034979
3/25/16,4199664,3945847
3/26/16,4005964,3765613
3/27/16,3874623,3619078
3/28/16,4323346,4066493
3/29/16,4312852,4104072
3/30/16,4328715,4093956
3/31/16,4408113,4158291
4/1/16,4292431,4023865
4/2/16,4076983,3823456
4/3/16,3952505,3743942
4/4/16,4335602,4088813
4/5/16,4428878,4202428
4/6/16,4388661,4140044
4/7/16,4417770,4176738
4/8/16,4339998,4092041
4/9/16,4063665,3831331
4/10/16,4013439,3783663
4/11/16,4402182,4116171
4/12/16,4384451,4106659
4/13/16,4307718,4047078
4/14/16,4320429,4084975
4/15/16,4271527,4032511
4/16/16,4000641,3722485
4/17/16,3939538,3642335
4/18/16,4327190,4032314
4/19/16,4371792,4100993
4/20/16,4369074,4082314
4/21/16,4365218,4081011
4/22/16,4350935,4053370
4/23/16,4081230,3837579
4/24/16,3997272,3758650
4/25/16,4535125,4268796
4/26/16,4621884,4333048
4/27/16,4508928,4210752
4/28/16,4551578,4217209
4/29/16,4531223,4220366
4/30/16,4208618,3858937
5/1/16,4122880,3786799
5/2/16,4360594,4019584
5/3/16,4391897,4085768
5/4/16,4358521,4041943
5/5/16,4386465,4054160
5/6/16,4386378,4043495
5/7/16,4100926,3761474
5/8/16,3944981,3626783
5/9/16,4471624,4156848
5/10/16,4738063,4372458
5/11/16,4779734,4431614
5/12/16,4720139,4389825
5/13/16,4644808,4326655
5/14/16,4199636,3873372
5/15/16,4014745,3715928
5/16/16,4442416,4121403
5/17/16,4565685,4216400
5/18/16,4476817,4119892
5/19/16,4422069,4073169
5/20/16,4445520,4095548
5/21/16,4303498,3970985
5/22/16,4332650,4009058
5/23/16,4727210,4373365
5/24/16,4928229,4544400
5/25/16,5094672,4767784
5/26/16,5083682,4776399
5/27/16,4870228,4548442
5/28/16,4680268,4328032
5/29/16,4661197,4301337
5/30/16,4695330,4361664
5/31/16,5055996,4722870
6/1/16,5020658,4679840
6/2/16,5009781,4610535
6/3/16,5011722,4582876
6/4/16,4719337,4301786
6/5/16,4629471,4278743
6/6/16,4095285,3766556
6/7/16,5145109,4786814
6/8/16,5131422,4718988
6/9/16,4129795,3690599
6/10/16,5406808,4992547
6/11/16,5253874,4849020
6/12/16,5064722,4646255
6/13/16,5368595,4941281
6/14/16,5509185,5068909
6/15/16,5762256,5351663
6/16/16,5600065,5145057
6/17/16,5779510,5301924
6/18/16,5429665,4921202
6/19/16,5388616,4932452
6/20/16,5981598,5619711
6/21/16,5870053,5516183
6/22/16,5945773,5533333
6/23/16,5698853,5278832
6/24/16,5777817,5304273
6/25/16,5652286,5192896
6/26/16,5618129,5166025
6/27/16,5980355,5545125
6/28/16,5726735,5281464
6/29/16,5653177,5233143
6/30/16,5689979,5258945
7/1/16,5557485,5096090
7/2/16,5137672,4656763
7/3/16,5039686,4534590
7/4/16,5144748,4644135
7/5/16,5930347,5444053
7/6/16,6116096,5651060
7/7/16,6103768,5627492
7/8/16,5995247,5526646
7/9/16,5518498,5061138
7/10/16,5438913,4962567
7/11/16,6040561,5552134
7/12/16,6087053,5632543
7/13/16,6190838,5735306
7/14/16,6051182,5664982
7/15/16,5799283,5370963
7/16/16,5488488,5011683
7/17/16,5560878,5097885
7/18/16,6124539,5706010
7/19/16,6140528,5676818
7/20/16,6275530,5800289
7/21/16,6446928,6049552
7/22/16,6452007,6057825
7/23/16,6156505,5758752
7/24/16,5995945,5597753
7/25/16,6251525,5922333
7/26/16,6181292,5797391
7/27/16,6139372,5807366
7/28/16,6093854,5693689
7/29/16,5924678,5523317
7/30/16,5617111,5187843
7/31/16,5583854,5164961
8/1/16,6079361,5629257
8/2/16,6164178,5700856
8/3/16,6251628,5790174
8/4/16,6308896,5897366
8/5/16,6112926,5679450
8/6/16,5676205,5238125
8/7/16,5498727,5038591
8/8/16,5898580,5439972
8/9/16,6153702,5670343
8/10/16,6374016,5929292
8/11/16,6479835,6058798
8/12/16,6252060,5859205
8/13/16,5680768,5306387
8/14/16,5381074,4995588
8/15/16,5684550,5337550
8/16/16,5761777,5435971
8/17/16,5797251,5399489
8/18/16,5820971,5383824
8/19/16,5740002,5327106
8/20/16,5229054,4854518
8/21/16,5008205,4587527
8/22/16,5413901,4985538
8/23/16,5681066,5289127
8/24/16,5849574,5428024
8/25/16,5804867,5439987
8/26/16,5597357,5220867
8/27/16,5274421,4865508
8/28/16,5370926,4941177
8/29/16,5766906,5341802
8/30/16,5751222,5294318
8/31/16,4546367,4109691
9/1/16,5485815,5023945
9/2/16,5242428,4778930
9/3/16,4705504,4280589
9/4/16,4794623,4391876
9/5/16,5127845,4716950
9/6/16,5766949,5390118
9/7/16,5886662,5503972
9/8/16,5830917,5472057
9/9/16,5688107,5333402
9/10/16,5043544,4669611
9/11/16,4768811,4431946
9/12/16,5015172,4666791
9/13/16,5216179,4876776
9/14/16,5278469,4932458
9/15/16,5274256,4886997
9/16/16,5210805,4800234
9/17/16,5004825,4591805
9/18/16,5072316,4645306
9/19/16,5628987,5243063
9/20/16,5652703,5238883
9/21/16,5548585,5175264
9/22/16,5435056,5045921
9/23/16,5352057,4986486
9/24/16,4993680,4565411
9/25/16,4717993,4269763
9/26/16,4860511,4417887
9/27/16,4813491,4382196
9/28/16,4838053,4386063
9/29/16,4739414,4301897
9/30/16,4596040,4141744
10/1/16,4284407,3877504
10/2/16,4285368,3911755
10/3/16,4711005,4336440
10/4/16,4855246,4496198
10/5/16,5008756,4645873
10/6/16,5038397,4654416
10/7/16,4716449,4335922
10/8/16,4290035,3892299
10/9/16,4139622,3720588
10/10/16,4485288,4080575
10/11/16,4611251,4236775
10/12/16,4706987,4362338
10/13/16,4640702,4291878
10/14/16,4567512,4153418
10/15/16,4448874,4056272
10/16/16,4525041,4149576
10/17/16,5035852,4635999
10/18/16,5015709,4641629
10/19/16,4926482,4530786
10/20/16,4649793,4248795
10/21/16,4414624,3997493
10/22/16,4046291,3658674
10/23/16,3975377,3581009
10/24/16,4458718,4027446
10/25/16,4510194,4129988
10/26/16,4568797,4138005
10/27/16,4580755,4143800
10/28/16,4212899,3877494
10/29/16,3771893,3498712
10/30/16,3671579,3423068
10/31/16,3998242,3748426
11/1/16,4062822,3840461
11/2/16,4167677,3922373
11/3/16,4016888,3793091
11/4/16,4260144,3922209
11/5/16,4078388,3690534
11/6/16,4069539,3664535
11/7/16,4347149,3943067
11/8/16,4377518,3951516
11/9/16,4396372,3962383
11/10/16,4383796,3980366
11/11/16,4256881,3876357
11/12/16,4070941,3675472
11/13/16,3992297,3635419
11/14/16,4352471,3975705
11/15/16,4373658,4000003
11/16/16,4360027,4016514
11/17/16,4386971,4029466
11/18/16,4339752,3942162
11/19/16,4157474,3760789
11/20/16,4202552,3848612
11/21/16,4517507,4188897
11/22/16,4516176,4180446
11/23/16,4422183,4049038
11/24/16,3993050,3610699
11/25/16,4032907,3627014
11/26/16,4054212,3660838
11/27/16,4108547,3726743
11/28/16,4490765,4134558
11/29/16,4537440,4164086
11/30/16,4571754,4183026
12/1/16,4652206,4266190
12/2/16,4596520,4232368
12/3/16,4414156,4030272
12/4/16,4356794,3960024
12/5/16,4745356,4363506
12/6/16,4575688,4210715
12/7/16,4928199,4544507
12/8/16,5203075,4832771
12/9/16,5253991,4893878
12/10/16,4879634,4555781
12/11/16,4537481,4181083
12/12/16,4828816,4418364
12/13/16,4917502,4524707
12/14/16,5062321,4727370
12/15/16,5242612,4919480
12/16/16,5067194,4774506
12/17/16,4792762,4458566
12/18/16,5300921,4849195
12/19/16,5687178,5284139
12/20/16,5294103,4881398
12/21/16,4929687,4552533
12/22/16,4069587,4396581
12/23/16,4624676,4241272
12/24/16,4286834,3920855
12/25/16,4107627,3738334
12/26/16,4275784,3909199
12/27/16,4558005,4141519
12/28/16,4598633,4179600
12/29/16,4570616,4176484
12/30/16,4600459,4199274
12/31/16,4317488,3923379
1/1/17,4149786,3785799
1/2/17,4323850,3938396
1/3/17,4707267,4358980
1/4/17,5076782,4663438
1/5/17,5227648,4935329
1/6/17,5655381,5313106
1/7/17,5502426,5152565
1/8/17,5241595,4962698
1/9/17,5106612,4834163
1/10/17,4714458,4431488
1/11/17,4649428,4318583
1/12/17,4722679,4379631
1/13/17,4849120,4464586
1/14/17,4582360,4258649
1/15/17,4408589,4069193
1/16/17,4603872,4272583
1/17/17,4690902,4311305
1/18/17,4689951,4320453
1/19/17,4578360,4257800
1/20/17,4500683,4163706
1/21/17,4177450,3850296
1/22/17,4170903,3787002
1/23/17,4561190,4206421
1/24/17,4607870,4239066
1/25/17,4610487,4269379
1/26/17,4806549,4442069
1/27/17,4889477,4552126
1/28/17,4563045,4265012
1/29/17,4417487,4097160
1/30/17,4381357,4331657
1/31/17,4388022,4254323
2/1/17,4591928,4253150
2/2/17,4782178,4431534
2/3/17,4831626,4522465
2/4/17,4578938,4320615
2/5/17,4290002,3983667
2/6/17,4554066,4221031
2/7/17,4574662,4210641
2/8/17,4701335,4321422
2/9/17,4814939,4463631
2/10/17,4610292,4266107
2/11/17,4200898,3793337
2/12/17,4148151,3745601
2/13/17,4523316,4152012
2/14/17,4558634,4224247
2/15/17,4595734,4257336
2/16/17,4573763,4258163
2/17/17,4407303,4046610
2/18/17,4051035,3661589
2/19/17,3982764,3655355
2/20/17,4262382,3904165
2/21/17,4288872,3933231
2/22/17,3404908,3100510
2/23/17,4354648,4032047
2/24/17,4379476,4092202
2/25/17,4262979,3877604
2/26/17,4204882,3876579
2/27/17,4505959,4180342
2/28/17,4505308,4181532
2/29/17,,
3/1/17,4471225,4104273
3/2/17,4510326,4166535
3/3/17,4507211,4180996
3/4/17,4193936,3907241
3/5/17,4060877,3780807
3/6/17,4399453,4081577
3/7/17,4402176,4077428
3/8/17,4397464,4020227
3/9/17,4438964,4107743
3/10/17,4539353,4190523
3/11/17,4359109,4073315
3/12/17,4163539,3906891
3/13/17,4659134,4334760
3/14/17,4718671,4354546
3/15/17,4663001,4321140
3/16/17,4578869,4246961
3/17/17,4422697,4030914
3/18/17,4171291,3768411
3/19/17,4120517,3741523
3/20/17,4505740,4109022
3/21/17,4500467,4070819
3/22/17,4578993,4193775
3/23/17,4575937,4231556
3/24/17,4416456,3999542
3/25/17,4099144,3659850
3/26/17,4085738,3712530
3/27/17,4456335,4065920
3/28/17,4515308,4144563
3/29/17,4505476,4135724
3/30/17,4423597,4060574
3/31/17,4427585,4087569
4/1/17,4148985,3775028
4/2/17,4049725,3687860
4/3/17,4397742,4055010
4/4/17,4492260,4143313
4/5/17,4434707,4028936
4/6/17,4441816,3987871
4/7/17,4309201,3989606
4/8/17,4038118,3735160
4/9/17,4000115,3645436
4/10/17,4402785,4001646
4/11/17,4344720,3956688
4/12/17,4362976,3988455
4/13/17,4406363,4019370
4/14/17,4263655,3894494
4/15/17,4138796,3736346
4/16/17,3786808,3403731
4/17/17,4374339,3950818
4/18/17,4460617,4004467
4/19/17,4581391,4142902
4/20/17,4522343,4189189
4/21/17,4510366,4104836
4/22/17,4111597,3695224
4/23/17,3887854,3481920
4/24/17,4323936,3906599
4/25/17,4465873,4088202
4/26/17,4538208,4131067
4/27/17,4455881,4083133
4/28/17,4657808,4290055
4/29/17,4465137,4107060
4/30/17,4077290,3723364
5/1/17,4481325,4113726
5/2/17,4626492,4186532
5/3/17,4590981,4169760
5/4/17,4471842,4042278
5/5/17,4363876,3937817
5/6/17,4086394,3673858
5/7/17,4078336,3679474
5/8/17,4553293,4152119
5/9/17,4658475,4234754
5/10/17,4692567,4266008
5/11/17,4667485,4271318
5/12/17,4523225,4113680
5/13/17,4269504,3868585
5/14/17,4290319,3880620
5/15/17,4850507,4395309
5/16/17,4908991,4532645
5/17/17,5005626,4632735
5/18/17,5185652,4820568
5/19/17,5008858,4615230
5/20/17,4556642,4105677
5/21/17,4337067,3910676
5/22/17,4619830,4231178
5/23/17,4661555,4231643
5/24/17,4541593,4096575
5/25/17,3658135,3224538
5/26/17,4909856,4445737
5/27/17,4764353,4346833
5/28/17,4504173,4109631
5/29/17,4470181,4063444
5/30/17,4861654,4449874
5/31/17,4946533,4521765
6/1/17,4952006,4532389
6/2/17,3974785,3524343
6/3/17,4784527,4368100
6/4/17,4685054,4290439
6/5/17,5057512,4625659
6/6/17,5037097,4576364
6/7/17,5003738,4520203
6/8/17,5057229,4612913
6/9/17,5068871,4627183
6/10/17,5010602,4640691
6/11/17,5165213,4794864
6/12/17,5762546,5316809
6/13/17,5879594,5397662
6/14/17,5581484,5301742
6/15/17,5778720,5289978
6/16/17,5772339,5330691
6/17/17,5478909,5057282
6/18/17,5289840,4894898
6/19/17,5599820,5200329
6/20/17,5705124,5279919
6/21/17,5741407,5310793
6/22/17,5726912,5283050
6/23/17,5809956,5399675
6/24/17,5075990,4708747
6/25/17,4884251,4519891
6/26/17,5229499,4785356
6/27/17,5239639,4761752
6/28/17,5379865,4936702
6/29/17,5607796,5175724
6/30/17,5704875,5312033
7/1/17,5254346,4860021
7/2/17,5261325,4864234
7/3/17,5603051,5172566
7/4/17,5339033,4939368
7/5/17,5830407,5428408
7/6/17,6012278,5609068
7/7/17,6017041,5582400
7/8/17,5569158,5130324
7/9/17,5472555,5019343
7/10/17,5877173,5430376
7/11/17,6142701,5695489
7/12/17,6170984,5728073
7/13/17,6065436,5663962
7/14/17,5862720,5408566
7/15/17,5569114,5114398
7/16/17,5563211,5083873
7/17/17,6050331,5570231
7/18/17,6150339,5681891
7/19/17,6321757,5871588
7/20/17,6446986,5994674
7/21/17,6374283,5966130
7/22/17,6024459,5556734
7/23/17,5705564,5242796
7/24/17,5853767,5419776
7/25/17,5981838,5531656
7/26/17,6111238,5631373
7/27/17,6129814,5670483
7/28/17,6037817,5557813
7/29/17,5545450,5096293
7/30/17,5380046,4918523
7/31/17,5757158,5337986
8/1/17,5870075,5489568
8/2/17,5810164,5432096
8/3/17,5825183,5467670
8/4/17,5632106,5193039
8/5/17,5270887,4839834
8/6/17,5102760,4695306
8/7/17,5431231,5004466
8/8/17,5517295,5094585
8/9/17,5628599,5226726
8/10/17,5772745,5369124
8/11/17,5727038,5306118
8/12/17,5313696,4903013
8/13/17,5182829,4791692
8/14/17,5682231,5257386
8/15/17,5774488,5332598
8/16/17,5876342,5463286
8/17/17,5865597,5417515
8/18/17,5838846,5396724
8/19/17,5661321,5230367
8/20/17,5547448,5128892
8/21/17,5951113,5549377
8/22/17,5919114,5554432
8/23/17,5568215,5158678
8/24/17,5335409,4914052
8/25/17,5130060,4733705
8/26/17,4870666,4449070
8/27/17,4787706,4382295
8/28/17,5173171,4799165
8/29/17,5240208,4817601
8/30/17,5350811,4856450
8/31/17,5396572,4919853
9/1/17,5287897,4788214
9/2/17,4995461,4499565
9/3/17,5027038,4554627
9/4/17,5135119,4709082
9/5/17,5297750,4888544
9/6/17,4979937,4520412
9/7/17,4863897,4363021
9/8/17,4853869,4343156
9/9/17,4585923,4083671
9/10/17,4426799,3940223
9/11/17,4763385,4287157
9/12/17,4846705,4435356
9/13/17,4978980,4604789
9/14/17,5251618,4868114
9/15/17,5350374,4997059
9/16/17,5137045,4742903
9/17/17,4939487,4567940
9/18/17,5279234,4894639
9/19/17,5435585,5038219
9/20/17,5623542,5213791
9/21/17,5644679,5263888
9/22/17,5601505,5211689
9/23/17,5272286,4903183
9/24/17,5167678,4771728
9/25/17,5484841,5084543
9/26/17,5387867,4999581
9/27/17,5206775,4814826
9/28/17,4968849,4581641
9/29/17,4763372,4368152
9/30/17,4441814,4079716
10/1/17,4405202,4070560
10/2/17,4921384,4538858
10/3/17,4995249,4665737
10/4/17,4954643,4603240
10/5/17,4899174,4567253
10/6/17,4957758,4602350
10/7/17,4708869,4325235
10/8/17,4618177,4317705
10/9/17,5112167,4786919
10/10/17,4801192,4456630
10/11/17,4607700,4272323
10/12/17,4690491,4334479
10/13/17,4844123,4457890
10/14/17,4717789,4388517
10/15/17,4389083,4094467
10/16/17,4501481,4181853
10/17/17,4473570,4172994
10/18/17,4508817,4212337
10/19/17,4571650,4295528
10/20/17,4567461,4266183
10/21/17,4446787,4131375
10/22/17,4188385,3855450
10/23/17,4564630,4250107
10/24/17,4606908,4291017
10/25/17,4500698,4160585
10/26/17,4483115,4181909
10/27/17,4461120,4149943
10/28/17,4278361,3947252
10/29/17,4175414,3881796
10/30/17,4445965,4179026
10/31/17,4504246,4243706
11/1/17,4569388,4286638
11/2/17,4652860,4345306
11/3/17,4602102,4284768
11/4/17,3820658,3632023
11/5/17,4411556,4125730
11/6/17,4703108,4358701
11/7/17,4702644,4400375
11/8/17,4662081,4348918
11/9/17,4684163,4365851
11/10/17,4685756,4425926
11/11/17,4363814,4119129
11/12/17,4239458,3951812
11/13/17,4586351,4300608
11/14/17,4587763,4308539
11/15/17,4576964,4287021
11/16/17,4650495,4337893
11/17/17,4633537,4329597
11/18/17,4325095,4023646
11/19/17,4242671,3912750
11/20/17,4610229,4284190
11/21/17,4625821,4291890
11/22/17,4684973,4304855
11/23/17,4226133,3866427
11/24/17,4136147,3787157
11/25/17,4063656,3700361
11/26/17,4127422,3747398
11/27/17,4509983,4179027
11/28/17,4574441,4225537
11/29/17,4570054,4149460
11/30/17,4560722,4189898
12/1/17,4521795,4161374
12/2/17,4261876,3899289
12/3/17,4198702,3872989
12/4/17,4473039,4228690
12/5/17,4713219,4341995
12/6/17,4935866,4576680
12/7/17,5195664,4830932
12/8/17,5307409,4932346
12/9/17,4879005,4490972
12/10/17,4612552,4250829
12/11/17,4841198,4477278
12/12/17,4889755,4526244
12/13/17,4999001,4683042
12/14/17,4934114,4558119
12/15/17,4953927,4592718
12/16/17,4672378,4308204
12/17/17,4481652,4106130
12/18/17,4722687,4325925
12/19/17,4682029,4239897
12/20/17,4710550,4341415
12/21/17,4748887,4402529
12/22/17,4800100,4420748
12/23/17,4611650,4192426
12/24/17,4551018,4195930
12/25/17,4629740,4284808
12/26/17,5024550,4659971
12/27/17,5451113,5111549
12/28/17,5409449,5097573
12/29/17,5175849,4878760
12/30/17,4956040,4668135
12/31/17,5263735,5009465
1/1/18,5651547,5409879
1/2/18,6023463,5760585
1/3/18,5810327,5501587
1/4/18,5693517,5431860
1/5/18,5515731,5277257
1/6/18,5224116,5001526
1/7/18,4840538,4640491
1/8/18,4855753,4585908
1/9/18,4873290,4597301
1/10/18,4766277,4429644
1/11/18,4749342,4457609
1/12/18,5208954,4877475
1/13/18,4376885,4836735
1/14/18,4337813,4862029
1/15/18,4507730,5088796
1/16/18,4965917,5602706
1/17/18,4830538,5416616
1/18/18,4868465,5386849
1/19/18,4429750,4864833
1/20/18,3783520,4093684
1/21/18,3562999,3823130
1/22/18,4302463,4259351
1/23/18,4854356,4457486
1/24/18,4939378,4591313
1/25/18,4916888,4587918
1/26/18,4632163,4323807
1/27/18,4262707,3904486
1/28/18,4312911,3959634
1/29/18,4898201,4537222
1/30/18,5026158,4723210
1/31/18,4818703,4528478
2/1/18,4767649,4426711
2/2/18,4994479,4673027
2/3/18,4704243,4428657
2/4/18,4525096,4177402
2/5/18,5069112,4735464
2/6/18,5069095,4727383
2/7/18,5195889,4817610
2/8/18,5126168,4763489
2/9/18,4839505,4507848
2/10/18,4696784,4340667
2/11/18,4905679,4505489
2/12/18,5273269,4888602
2/13/18,5069099,4730891
2/14/18,4694889,4321169
2/15/18,4520551,4146241
2/16/18,4601174,4196561
2/17/18,4421983,4105183
2/18/18,4302254,4018157
2/19/18,4566355,4201466
2/20/18,4712852,4336808
2/21/18,5010894,4606877
2/22/18,5024667,4642199
2/23/18,4787647,4412585
2/24/18,4464493,4076665
2/25/18,4293031,3926889
2/26/18,4568831,4240379
2/27/18,4552909,4214737
2/28/18,4533511,4221202
2/29/18,,
3/1/18,4540338,4201189
3/2/18,4534552,4226953
3/3/18,4182110,3907240
3/4/18,4115163,3847689
3/5/18,4531900,4209700
3/6/18,4549300,4244960
3/7/18,4643690,4332157
3/8/18,4642264,4363066
3/9/18,4498693,4212143
3/10/18,4266740,3935978
3/11/18,3590058,3459067
3/12/18,4540458,4238099
3/13/18,4558288,4217775
3/14/18,4556927,4249959
3/15/18,4484386,4193244
3/16/18,4514350,4172597
3/17/18,4243309,3910133
3/18/18,4197836,3874615
3/19/18,4549265,4236684
3/20/18,4580132,4253897
3/21/18,4534608,4249147
3/22/18,4477716,4228556
3/23/18,4427932,4189787
3/24/18,4253089,3993653
3/25/18,4224921,3968884
3/26/18,4599557,4311409
3/27/18,4534411,4245332
3/28/18,4453251,4153241
3/29/18,4442284,4147448
3/30/18,4295173,3965472
3/31/18,4150102,3856195
4/1/18,4123011,3852913
4/2/18,4664187,4387773
4/3/18,4683675,4413317
4/4/18,4599777,4286401
4/5/18,4550432,4305036
4/6/18,4636975,4344615
4/7/18,4439948,4199041
4/8/18,4347718,4145835
4/9/18,4591196,4333311
4/10/18,4544782,4296342
4/11/18,4462493,4236829
4/12/18,4478701,4226501
4/13/18,4550738,4309799
4/14/18,4204760,3978879
4/15/18,4254161,4059210
4/16/18,4540192,4290557
4/17/18,4502465,4261698
4/18/18,4511708,4234213
4/19/18,4432786,4137961
4/20/18,4343889,4086659
4/21/18,4098208,3813500
4/22/18,4014698,3743614
4/23/18,4382536,4090482
4/24/18,4481508,4225705
4/25/18,4441678,4179713
4/26/18,4365806,4109618
4/27/18,4326801,4070260
4/28/18,4095001,3809662
4/29/18,4078755,3798658
4/30/18,4470988,4145317
5/1/18,4571194,4218168
5/2/18,4791526,4454828
5/3/18,4780345,4470854
5/4/18,4642032,4310800
5/5/18,4319011,3982498
5/6/18,4298814,3924576
5/7/18,4784334,4461674
5/8/18,4881046,4550002
5/9/18,4911067,4565370
5/10/18,4894206,4555413
5/11/18,4883275,4536262
5/12/18,4638183,4287082
5/13/18,4580173,4214896
5/14/18,5050827,4668150
5/15/18,5021373,4686122
5/16/18,5035041,4653903
5/17/18,5074981,4677921
5/18/18,5022937,4658767
5/19/18,4712119,4393520
5/20/18,4446062,4126019
5/21/18,4797571,4433568
5/22/18,5000707,4617729
5/23/18,5145932,4806058
5/24/18,5268250,4921848
5/25/18,5248390,4885841
5/26/18,5078347,4698270
5/27/18,5088402,4727276
5/28/18,5292854,4892469
5/29/18,5717385,5273765
5/30/18,5659184,5221419
5/31/18,4828040,4428454
6/1/18,4825093,4422698
6/2/18,4534272,4134173
6/3/18,4306994,3897576
6/4/18,4460822,4011796
6/5/18,4564663,4113707
6/6/18,4588719,4143786
6/7/18,4664426,4208249
6/8/18,4656726,4211593
6/9/18,4361673,3977844
6/10/18,4250779,3857870
6/11/18,4639829,4244900
6/12/18,4780130,4342132
6/13/18,4855162,4450816
6/14/18,4790784,4396157
6/15/18,4829214,4407580
6/16/18,4676585,4300303
6/17/18,4679441,4317756
6/18/18,5037150,4684443
6/19/18,4790872,4431528
6/20/18,4720068,4320773
6/21/18,4737212,4363723
6/22/18,4818838,4379868
6/23/18,4136787,3815465
6/24/18,4530620,4163588
6/25/18,4808134,4388623
6/26/18,4857439,4403782
6/27/18,4957745,4511338
6/28/18,5111628,4677156
6/29/18,4848971,4577639
6/30/18,3819863,3472481
7/1/18,3723482,3351197
7/2/18,5267918,4914488
7/3/18,5199445,4856958
7/4/18,4798922,4460417
7/5/18,5122987,4758364
7/6/18,4976417,4519228
7/7/18,4557740,4101525
7/8/18,4554254,4123008
7/9/18,5057557,4624070
7/10/18,5192755,4723425
7/11/18,5186516,4743626
7/12/18,5172798,4719586
7/13/18,5229044,4744303
7/14/18,5055451,4577992
7/15/18,5036989,4609106
7/16/18,5422610,4998149
7/17/18,5263607,4834083
7/18/18,5151855,4717570
7/19/18,5215056,4761752
7/20/18,5183398,4724908
7/21/18,4881483,4429765
7/22/18,4828503,4439870
7/23/18,5261233,4908797
7/24/18,5316236,4973805
7/25/18,5289277,4923293
7/26/18,5183234,4791058
7/27/18,5025579,4636703
7/28/18,4742165,4325167
7/29/18,4645859,4238568
7/30/18,4915653,4513337
7/31/18,4882727,4460974
8/1/18,4974811,4543359
8/2/18,5051272,4629041
8/3/18,5119879,4699009
8/4/18,4917590,4550234
8/5/18,4967126,4612556
8/6/18,5357712,5001180
8/7/18,5298042,4947910
8/8/18,5286170,4886918
8/9/18,5277487,4883291
8/10/18,5097162,4613704
8/11/18,4694313,4213393
8/12/18,4662462,4177139
8/13/18,5057177,4600268
8/14/18,5093810,4650354
8/15/18,5205549,4763346
8/16/18,5313697,4828780
8/17/18,5250507,4763195
8/18/18,4943489,4488113
8/19/18,4736349,4342895
8/20/18,4987027,4560168
8/21/18,4937730,4497641
8/22/18,4880866,4421151
8/23/18,4838947,4359082
8/24/18,4784777,4313520
8/25/18,4569836,4084619
8/26/18,4791486,4356544
8/27/18,5260161,4814860
8/28/18,5250034,4811133
8/29/18,5032311,4601814
8/30/18,4888173,4473323
8/31/18,5708941,5310561
9/1/18,5463000,5062671
9/2/18,5283664,4882811
9/3/18,5308656,4933505
9/4/18,5843086,5471923
9/5/18,5866454,5525429
9/6/18,5621313,5299783
9/7/18,5353773,4978270
9/8/18,4880195,4481852
9/9/18,4616264,4206967
9/10/18,4928866,4522448
9/11/18,5050818,4693095
9/12/18,5242999,4896891
9/13/18,5384116,5009596
9/14/18,5464713,5069440
9/15/18,5335633,4932414
9/16/18,5349827,4911080
9/17/18,5767586,5367126
9/18/18,5747508,5384872
9/19/18,5680739,5309002
9/20/18,5624186,5231278
9/21/18,5303718,4917614
9/22/18,4615590,4214175
9/23/18,4486838,4096420
9/24/18,4987377,4591442
9/25/18,5195153,4845513
9/26/18,4968970,4616042
9/27/18,4783850,4386127
9/28/18,4746342,4343792
9/29/18,4470137,4089843
9/30/18,4526593,4121288
10/1/18,5024218,4608592
10/2/18,5162479,4813038
10/3/18,5319514,4958599
10/4/18,5162967,4850975
10/5/18,5090157,4767006
10/6/18,4774859,4496252
10/7/18,4667919,4391409
10/8/18,5053218,4748540
10/9/18,5064579,4787341
10/10/18,4908412,4656450
10/11/18,4641931,4370698
10/12/18,4571207,4205640
10/13/18,4365921,4063898
10/14/18,4411627,4133041
10/15/18,4662761,4396458
10/16/18,4627059,4367525
10/17/18,4555998,4239404
10/18/18,4525153,4229154
10/19/18,4498365,4236142
10/20/18,4212514,3932298
10/21/18,4125962,3871587
10/22/18,4398671,4146432
10/23/18,4406747,4137856
10/24/18,4457937,4184873
10/25/18,4469981,4166095
10/26/18,4437051,4097041
10/27/18,4206479,3887194
10/28/18,4087790,3802694
10/29/18,4478448,4141202
10/30/18,4537701,4212455
10/31/18,4483443,4125704
11/1/18,4465814,4052576
11/2/18,4461649,4067509
11/3/18,4173947,3795071
11/4/18,3691828,3502807
11/5/18,4536730,4189723
11/6/18,4606417,4302314
11/7/18,4312113,4407567
11/8/18,4276697,4355235
11/9/18,4707974,4434782
11/10/18,3744550,3483056
11/11/18,3582517,3352774
11/12/18,4914854,4690712
11/13/18,5253063,4931625
11/14/18,5257379,4975124
11/15/18,5030778,4771713
11/16/18,4713079,4395468
11/17/18,4398084,4091957
11/18/18,4440583,4147361
11/19/18,4825634,4508981
11/20/18,4829022,4517159
11/21/18,4794130,4499326
11/22/18,4256369,4037993
11/23/18,4235009,3976687
11/24/18,4176939,3917811
11/25/18,4277189,4020536
11/26/18,4944393,4641331
11/27/18,5007888,4687466
11/28/18,4884284,4593139
11/29/18,4673774,4387050
11/30/18,4556657,4223312
12/1/18,4342577,4053493
12/2/18,4348303,4035534
12/3/18,4794679,4447222
12/4/18,4992738,4621234
12/5/18,4998616,4718030
12/6/18,4962389,4672466
12/7/18,4946399,4549959
12/8/18,4873843,4550234
12/9/18,4839447,4480627
12/10/18,5115408,4750185
12/11/18,5058678,4721928
12/12/18,4832509,4463807
12/13/18,4738144,4416879
12/14/18,4869579,4478690
12/15/18,4568863,4182787
12/16/18,4469269,4140816
12/17/18,4745072,4389296
12/18/18,4788996,4421079
12/19/18,4718628,4337520
12/20/18,4766767,4404494
12/21/18,4779626,4327807
12/22/18,4475494,4080589
12/23/18,4317825,3980319
12/24/18,4405486,4044661
12/25/18,4055919,3753638
12/26/18,4401235,4058225
12/27/18,4507111,4182986
12/28/18,4739117,4368847
12/29/18,4764262,4316046
12/30/18,4648950,4277739
12/31/18,4586573,4243786
1/1/19,4588582,4233085
1/2/19,5080172,4652723
1/3/19,5032186,4639773
1/4/19,4852094,4453896
1/5/19,4475408,4066589
1/6/19,4298744,3943815
1/7/19,4474678,4134321
1/8/19,4542104,4163697
1/9/19,4760262,4345334
1/10/19,4912727,4588006
1/11/19,4869643,4551472
1/12/19,4586382,4277385
1/13/19,4655900,4363908
1/14/19,5075297,4747115
1/15/19,5027478,4701336
1/16/19,4878641,4559290
1/17/19,4750167,4449800
1/18/19,4693567,4418282
1/19/19,4740362,4446538
1/20/19,4914234,4609891
1/21/19,5180491,4997787
1/22/19,4932458,4664708
1/23/19,5059099,4714544
1/24/19,5151612,4802506
1/25/19,5126104,4781265
1/26/19,4725820,4417941
1/27/19,4577756,4228182
1/28/19,4969491,4618016
1/29/19,5344084,4913533
1/30/19,5497002,5083835
1/31/19,5355156,5002574
2/1/19,4863916,4528302
2/2/19,4442412,4172185
2/3/19,4209724,3940086
2/4/19,4522373,4192025
2/5/19,4649071,4380529
2/6/19,4637926,4456051
2/7/19,4831586,4583291
2/8/19,5354387,5002768
2/9/19,5100452,4853932
2/10/19,4728716,4558781
2/11/19,4780749,4575148
2/12/19,4810164,4571201
2/13/19,4868195,4593327
2/14/19,4613489,4396364
2/15/19,4733190,4395031
2/16/19,4646062,4324867
2/17/19,4541077,4252148
2/18/19,5003781,4720216
2/19/19,5168631,4901340
2/20/19,4974885,4695407
2/21/19,4915118,4583088
2/22/19,4813606,4520343
2/23/19,4444093,4148818
2/24/19,4427179,4204867
2/25/19,4860099,4611938
2/26/19,4749996,4536522
2/27/19,4745964,4545291
2/28/19,4119468,3917667
2/29/19,,
3/1/19,4788017,4595194
3/2/19,4569342,4367106
3/3/19,4764527,4582340
3/4/19,5511763,5285115
3/5/19,5385427,5169713
3/6/19,5114512,4923488
3/7/19,4782514,4561560
3/8/19,4550429,4365693
3/9/19,4305910,4146927
3/10/19,3772246,3643637
3/11/19,4558907,4333794
3/12/19,4501197,4296541
3/13/19,4397893,4232756
3/14/19,4381101,4207480
3/15/19,4400432,4149311
3/16/19,4218374,3943063
3/17/19,4125061,3850456
3/18/19,4398352,4125407
3/19/19,4340248,4103342
3/20/19,4325481,4077596
3/21/19,4325295,4074667
3/22/19,4263602,4018995
3/23/19,4004136,3757626
3/24/19,3970278,3724750
3/25/19,4363234,4060070
3/26/19,4348142,4035242
3/27/19,4324354,4010885
3/28/19,4289493,3981218
3/29/19,4197216,3831857
3/30/19,4066661,3756283
3/31/19,4130476,3831303
4/1/19,4547181,4181004
4/2/19,4475137,4137151
4/3/19,4357762,4019481
4/4/19,4391120,4066171
4/5/19,4376302,4100030
4/6/19,4162672,3957049
4/7/19,4071657,3813879
4/8/19,4386868,4125044
4/9/19,4416865,4183550
4/10/19,4520657,4283701
4/11/19,4464825,4165220
4/12/19,4332842,4085178
4/13/19,4138427,3918592
4/14/19,4098761,3810096
4/15/19,4410578,4122066
4/16/19,4368873,4087600
4/17/19,4438926,4120203
4/18/19,4406859,4061175
4/19/19,4239174,3856041
4/20/19,4010567,3699714
4/21/19,3892115,3603404
4/22/19,4335563,4005638
4/23/19,4367557,4022577
4/24/19,4385938,4078449
4/25/19,4455246,4157907
4/26/19,4403714,4080263
4/27/19,4207672,3922425
4/28/19,4171180,3882912
4/29/19,4562929,4227807
4/30/19,4646091,4271322
5/1/19,4629497,4262956
5/2/19,4525288,4152836
5/3/19,4430556,4037559
5/4/19,4190049,3866564
5/5/19,4161002,3865992
5/6/19,4544849,4237268
5/7/19,4612349,4311864
5/8/19,4558404,4263222
5/9/19,4560525,4303211
5/10/19,4341366,3973466
5/11/19,4081162,3767885
5/12/19,4064505,3703458
5/13/19,4501414,4153628
5/14/19,4598932,4207236
5/15/19,4685663,4285875
5/16/19,4806139,4421476
5/17/19,4805081,4480385
5/18/19,4481076,4170485
5/19/19,4440493,4084577
5/20/19,4814325,4477950
5/21/19,4760994,4422605
5/22/19,4909590,4536247
5/23/19,5058524,4660854
5/24/19,4988964,4623336
5/25/19,4699703,4380893
5/26/19,4593654,4264452
5/27/19,4698213,4379934
5/28/19,5059611,4712276
5/29/19,4984483,4612356
5/30/19,4965403,4575210
5/31/19,4986798,4585407
6/1/19,4857878,4460148
6/2/19,4748342,4373451
6/3/19,5131663,4757171
6/4/19,5216635,4801905
6/5/19,5294055,4893437
6/6/19,5270278,4888941
6/7/19,5260165,4886761
6/8/19,4856548,4516384
6/9/19,4850226,4514806
6/10/19,5141611,4684033
6/11/19,5057788,4661102
6/12/19,5029117,4671450
6/13/19,4956109,4535349
6/14/19,4980988,4590244
6/15/19,4924967,4525918
6/16/19,4669432,4295961
6/17/19,5013027,4619507
6/18/19,5305021,4836284
6/19/19,5433228,4991370
6/20/19,5512831,5078678
6/21/19,5513130,5097496
6/22/19,5202985,4781201
6/23/19,5121923,4658357
6/24/19,5277058,4865315
6/25/19,5429857,5046440
6/26/19,5585579,5199966
6/27/19,5729836,5341848
6/28/19,5725146,5362902
6/29/19,5500288,5107096
6/30/19,5306547,4922543
7/1/19,5772745,5385993
7/2/19,5896466,5503283
7/3/19,5782518,5388821
7/4/19,5409729,5063404
7/5/19,5742827,5361839
7/6/19,5495889,5111206
7/7/19,5352671,4992135
7/8/19,5705522,5351233
7/9/19,5936406,5573658
7/10/19,6115098,5754410
7/11/19,6003748,5599445
7/12/19,5878627,5489601
7/13/19,5666447,5261336
7/14/19,5603639,5181595
7/15/19,6029297,5600522
7/16/19,6206630,5762489
7/17/19,6349055,5923398
7/18/19,6326266,5882190
7/19/19,6435875,6036276
7/20/19,6044521,5724705
7/21/19,5741900,5410055
7/22/19,5791721,5411543
7/23/19,5584021,5126796
7/24/19,5604234,5142097
7/25/19,5629621,5229932
7/26/19,5743253,5359394
7/27/19,5691533,5290345
7/28/19,5742824,5368185
7/29/19,6044783,5705385
7/30/19,5985925,5588130
7/31/19,5924383,5501795
8/1/19,5868571,5416975
8/2/19,5829150,5410598
8/3/19,5552534,5188538
8/4/19,5554317,5185213
8/5/19,6041505,5684595
8/6/19,6145785,5762950
8/7/19,6151827,5738332
8/8/19,6016368,5596739
8/9/19,5913039,5525441
8/10/19,5647361,5252368
8/11/19,5621129,5224500
8/12/19,6176450,5761776
8/13/19,6158467,5751149
8/14/19,5987054,5595792
8/15/19,5931716,5530171
8/16/19,5935441,5528558
8/17/19,5725301,5358329
8/18/19,5675716,5314785
8/19/19,6172745,5804852
8/20/19,6176592,5832699
8/21/19,6094620,5704950
8/22/19,5885454,5498890
8/23/19,5601746,5196599
8/24/19,5160193,4752104
8/25/19,5162468,4724548
8/26/19,5793842,5341681
8/27/19,5665795,5259953
8/28/19,5599886,5220379
8/29/19,5774169,5355393
8/30/19,5553855,5119592
8/31/19,5041947,4643520
9/1/19,5098809,4688503
9/2/19,5355650,4947070
9/3/19,5804172,5421472
9/4/19,5816411,5471077
9/5/19,5761085,5395115
9/6/19,5728793,5312455
9/7/19,5349405,4959941
9/8/19,5159234,4753649
9/9/19,5592912,5209713
9/10/19,5693750,5296240
9/11/19,5774484,5374494
9/12/19,5707573,5310836
9/13/19,5510236,5087023
9/14/19,5239026,4794427
9/15/19,5269242,4855169
9/16/19,5679080,5259476
9/17/19,5584537,5172753
9/18/19,5544825,5124247
9/19/19,5371412,4923603
9/20/19,5371332,4906295
9/21/19,5168551,4737166
9/22/19,5082253,4616162
9/23/19,5414124,4983670
9/24/19,5372747,4942656
9/25/19,5405697,4977743
9/26/19,5266339,4852553
9/27/19,5245136,4848719
9/28/19,4981693,4586064
9/29/19,4955925,4571258
9/30/19,5412422,5089169
10/1/19,5451256,5141816
10/2/19,5385679,5086464
10/3/19,5089612,4731301
10/4/19,4866059,4471700
10/5/19,4652900,4380457
10/6/19,4574214,4338073
10/7/19,4679973,4383756
10/8/19,4590434,4237806
10/9/19,4694579,4372529
10/10/19,4884017,4548217
10/11/19,4496642,4140551
10/12/19,4097437,3745266
10/13/19,4068802,3694330
10/14/19,4534855,4144514
10/15/19,4730326,4368789
10/16/19,4527161,4121587
10/17/19,4413838,4056617
10/18/19,4388355,4051046
10/19/19,4260682,3875505
10/20/19,4343538,3998867
10/21/19,4575165,4234368
10/22/19,4519512,4190685
10/23/19,4529629,4169147
10/24/19,4613714,4220948
10/25/19,4534198,4137506
10/26/19,4190069,3831277
10/27/19,4093973,3795489
10/28/19,4480383,4139734
10/29/19,4619559,4301436
10/30/19,4753591,4463275
10/31/19,4828165,4528593
11/1/19,4713247,4412976
11/2/19,4364889,4066150
11/3/19,3826158,3706362
11/4/19,4510409,4218830
11/5/19,4569408,4263715
11/6/19,4623832,4328743
11/7/19,4761933,4430659
11/8/19,4834818,4500725
11/9/19,4403074,4069710
11/10/19,4201755,3891265
11/11/19,4782105,4416647
11/12/19,5367860,5020273
11/13/19,5278055,4987744
11/14/19,4972438,4666880
11/15/19,4816327,4496588
11/16/19,4498988,4192416
11/17/19,4354595,4025064
11/18/19,4589307,4250011
11/19/19,4534694,4178841
11/20/19,4510236,4169195
11/21/19,4538891,4215840
11/22/19,4590539,4209011
11/23/19,4421166,4040652
11/24/19,4303298,3903129
11/25/19,4534935,4168480
11/26/19,4568708,4154218
11/27/19,4581681,4166552
11/28/19,4350621,3913026
11/29/19,4312049,3916274
11/30/19,4247223,3846374
12/1/19,4385689,3984904
12/2/19,4824460,4421404
12/3/19,4797764,4371084
12/4/19,4703895,4249843
12/5/19,4655466,4265765
12/6/19,4580668,4152652
12/7/19,4486166,4098824
12/8/19,4358476,3952345
12/9/19,4666381,4279742
12/10/19,4969527,4552078
12/11/19,5092134,4770282
12/12/19,4893392,4515413
12/13/19,4754962,4387045
12/14/19,4563365,4198185
12/15/19,4523131,4147471
12/16/19,4952637,4564551
12/17/19,5170952,4769365
12/18/19,5286309,4920001
12/19/19,5070770,4803338
12/20/19,4974383,4618929
12/21/19,4675625,4247325
12/22/19,4533456,4132582
12/23/19,4657264,4267349
12/24/19,4355383,3981946
12/25/19,4155855,3772388
12/26/19,4387738,3950478
12/27/19,4439985,4027428
12/28/19,4266876,3842281
12/29/19,4316915,3904113
12/30/19,4690578,4258103
12/31/19,4676632,4250578
1/1/20,4380886,4018651
1/2/20,4512367,4119149
1/3/20,4563258,4147292
1/4/20,4459222,4013377
1/5/20,4343243,3931757
1/6/20,4655240,4252276
1/7/20,4713060,4319176
1/8/20,4859026,4500279
1/9/20,4673696,4303144
1/10/20,4572893,4186060
1/11/20,4555366,4169496
1/12/20,4621394,4203951
1/13/20,4789418,4454514
1/14/20,4668061,4317176
1/15/20,4674702,4287914
1/16/20,4896997,4477868
1/17/20,4899847,4542294
1/18/20,4538447,4177698
1/19/20,4712205,4322552
1/20/20,5090520,4705078
1/21/20,5172731,4837473
1/22/20,5145352,4779353
1/23/20,4835899,4419958
1/24/20,4754975,4348449
1/25/20,4502950,4068267
1/26/20,4309623,3938581
1/27/20,4658793,4276443
1/28/20,4787773,4398582
1/29/20,4895617,4460701
1/30/20,4901675,4481397
1/31/20,4738595,4339551
2/1/20,4437818,4074361
2/2/20,4212280,3857973
2/3/20,4472749,4120482
2/4/20,4694091,4286617
2/5/20,5008775,4548222
2/6/20,5135658,4692685
2/7/20,4913377,4506473
2/8/20,4505930,4163666
2/9/20,4355179,4038562
2/10/20,4745119,4347320
2/11/20,4907838,4476419
2/12/20,4935234,4553562
2/13/20,5117699,4697881
2/14/20,5194116,4803628
2/15/20,4627709,4268866
2/16/20,4256829,3896892
2/17/20,4536977,4168575
2/18/20,4695525,4288664
2/19/20,4875544,4471887
2/20/20,5079777,4682140
2/21/20,5012885,4626410
2/22/20,4515891,4142114
2/23/20,4230629,3848540
2/24/20,4473642,4051069
2/25/20,4645954,4233123
2/26/20,4901533,4428198
2/27/20,4917140,4474923
2/28/20,4719012,4296665
2/29/20,4337688,3970969
3/1/20,4125693,3752645
3/2/20,4392196,4018657
3/3/20,4444597,4053638
3/4/20,4506846,4119471
3/5/20,4539783,4195739
3/6/20,4506365,4139306
3/7/20,4224305,3914799
3/8/20,3942838,3673704
3/9/20,4333651,3980390
3/10/20,4446910,4056029
3/11/20,4480634,4092080
3/12/20,4502802,4184205
3/13/20,4490139,4142939
3/14/20,4343533,3955085
3/15/20,4291696,3929036
3/16/20,4575814,4186443
3/17/20,4538689,4209157
3/18/20,4552177,4176731
3/19/20,4559228,4186383
3/20/20,4450922,4073901
3/21/20,4247015,3870874
3/22/20,4161570,3782552
3/23/20,4421755,4054409
3/24/20,4441824,4074608
3/25/20,4435425,4061123
3/26/20,4435872,4022800
3/27/20,4391896,3971936
3/28/20,4141239,3743064
3/29/20,3930462,3538104
3/30/20,4215088,3792692
3/31/20,4236670,3813976
4/1/20,4114014,3807289
4/2/20,4093419,3760803
4/3/20,4159295,3746915
4/4/20,4017041,3614542
4/5/20,3873269,3506256
4/6/20,4106306,3730187
4/7/20,4285661,3873238
4/8/20,4424935,4026428
4/9/20,4344903,3977311
4/10/20,4086825,3697922
4/11/20,3860693,3566100
4/12/20,3996399,3722393
4/13/20,4203614,3932774
4/14/20,4238118,3905008
4/15/20,4234549,3872736
4/16/20,4164014,3810483
4/17/20,4169864,3792809
4/18/20,3952402,3578101
4/19/20,3886903,3486475
4/20/20,4150686,3730544
4/21/20,4228234,3842920
4/22/20,4203232,3818193
4/23/20,4213585,3790735
4/24/20,4281220,3843053
4/25/20,3967584,3514988
4/26/20,3896825,3503304
4/27/20,4155850,3775155
4/28/20,4325624,3907240
4/29/20,4199710,3777368
4/30/20,4149434,3728252
5/1/20,4147520,3731754
5/2/20,4083049,3683339
5/3/20,4083007,3662988
5/4/20,4452610,4033181
5/5/20,4412682,3965502
5/6/20,4291871,3841816
5/7/20,4268679,3777532
5/8/20,4252031,3749653
5/9/20,3925015,3482364
5/10/20,3805258,3378656
5/11/20,4188298,3739067
5/12/20,4226401,3745948
5/13/20,4308843,3851402
5/14/20,4421743,3924328
5/15/20,4350468,3905988
5/16/20,4036224,3539745
5/17/20,4069096,3612518
5/18/20,4409333,3952724
5/19/20,4525794,4035028
5/20/20,4514906,4002130
5/21/20,4570460,4048679
5/22/20,4653494,4144757
5/23/20,4459405,3973402
5/24/20,4330230,3879025
5/25/20,4311094,3814564
5/26/20,4778546,4254019
5/27/20,4886874,4366093
5/28/20,4833143,4388850
5/29/20,4712162,4221077
5/30/20,4382109,3929973
5/31/20,4286011,3854629
6/1/20,4744120,4279027
6/2/20,5157595,4657830
6/3/20,5341510,4896400
6/4/20,5394086,4920239
6/5/20,5378102,4919331
6/6/20,5127091,4708440
6/7/20,4974008,4562373
6/8/20,5471336,5024943
6/9/20,5631234,5156535
6/10/20,5293706,4845580
6/11/20,5139332,4688363
6/12/20,5047266,4571484
6/13/20,4762582,4340167
6/14/20,4722579,4323961
6/15/20,5208659,4758132
6/16/20,5327363,4867995
6/17/20,5403748,4915481
6/18/20,5464132,4968449
6/19/20,5367567,4859385
6/20/20,5128441,4643240
6/21/20,5087483,4640784
6/22/20,5441457,4965833
6/23/20,5322602,4852339
6/24/20,5312966,4838837
6/25/20,5464309,4984107
6/26/20,5542196,5000401
6/27/20,5404406,4925107
6/28/20,5356995,4932105
6/29/20,5790914,5321932
6/30/20,5872434,5367981
7/1/20,5881563,5315175
7/2/20,5920507,5385598
7/3/20,5710125,5171400
7/4/20,5493071,4949059
7/5/20,5523279,5012224
7/6/20,5901074,5401588
7/7/20,5988602,5489633
7/8/20,6176479,5710177
7/9/20,6226807,5768937
7/10/20,6084795,5616066
7/11/20,5915407,5420045
7/12/20,5704666,5238416
7/13/20,6090238,5633054
7/14/20,6079657,5638071
7/15/20,5985879,5534589
7/16/20,5924668,5487151
7/17/20,6022378,5558484
7/18/20,5879470,5429260
7/19/20,5778002,5359356
7/20/20,5959071,5536507
7/21/20,5826061,5351253
7/22/20,5854254,5353053
7/23/20,5913951,5422472
7/24/20,5957069,5454224
7/25/20,5687278,5232346
7/26/20,5649999,5201798
7/27/20,5901509,5507999
7/28/20,5823152,5427842
7/29/20,5865934,5433235
7/30/20,5928659,5522916
7/31/20,5722260,5285596
8/1/20,5283742,4880357
8/2/20,5239938,4850804
8/3/20,5582730,5154483
8/4/20,5471080,5070970
8/5/20,5423220,5033145
8/6/20,5558337,5147959
8/7/20,5702902,5253759
8/8/20,5650415,5174210
8/9/20,5738494,5290582
8/10/20,6133088,5673060
8/11/20,6056916,5611312
8/12/20,6072845,5639512
8/13/20,6190475,5716778
8/14/20,6239034,5765973
8/15/20,5939037,5433588
8/16/20,5722062,5227166
8/17/20,5594360,5119617
8/18/20,5859056,5378962
8/19/20,5717884,5263553
8/20/20,5698997,5269700
8/21/20,5825764,5336178
8/22/20,5656246,5175821
8/23/20,5743384,5248814
8/24/20,6248458,5847747
8/25/20,6234174,5869663
8/26/20,6054092,5688112
8/27/20,5991069,5623764
8/28/20,6019900,5641972
8/29/20,5543591,5174640
8/30/20,5192247,4812688
8/31/20,5576805,5151545
9/1/20,5572018,5167339
9/2/20,5562719,5202059
9/3/20,5588838,5276876
9/4/20,5411133,5057287
9/5/20,5183140,4745378
9/6/20,5209498,4788728
9/7/20,5239883,4812362
9/8/20,5308152,4911713
9/9/20,5141690,4767189
9/10/20,4916684,4500452
9/11/20,4866371,4462665
9/12/20,4725038,4306817
9/13/20,4728031,4356494
9/14/20,5061844,4705267
9/15/20,5107606,4689397
9/16/20,5136915,4709847
9/17/20,5066465,4639596
9/18/20,4860500,4412486
9/19/20,4444763,4032693
9/20/20,4298042,3933067
9/21/20,4607929,4197308
9/22/20,4659292,4243164
9/23/20,4724989,4300470
9/24/20,4770544,4350531
9/25/20,4842035,4428379
9/26/20,4729951,4308069
9/27/20,4759222,4339033
9/28/20,4762183,4382903
9/29/20,4639021,4214942
9/30/20,4679043,4271800
10/1/20,4653921,4230498
10/2/20,4511754,4072922
10/3/20,4283613,3840639
10/4/20,4252067,3826493
10/5/20,4634307,4285089
10/6/20,4722299,4359800
10/7/20,4816557,4439590
10/8/20,4780458,4416360
10/9/20,4766264,4424052
10/10/20,4503859,4175815
10/11/20,4582158,4281151
10/12/20,4802009,4471310
10/13/20,4709220,4337936
10/14/20,4790917,4425277
10/15/20,4771910,4420827
10/16/20,4520851,4142068
10/17/20,4278084,3933739
10/18/20,4397500,4076778
10/19/20,4711950,4341315
10/20/20,4776944,4421195
10/21/20,4767435,4381571
10/22/20,4824131,4487447
10/23/20,4635807,4295153
10/24/20,4220468,3842951
10/25/20,4216073,3893046
10/26/20,4680827,4339470
10/27/20,4756705,4396212
10/28/20,4655032,4317859
10/29/20,4598595,4257255
10/30/20,4484638,4135032
10/31/20,4178537,3903234
11/1/20,4235953,3932881
11/2/20,4460776,4161048
11/3/20,4400914,4100965
11/4/20,4374545,4033187
11/5/20,4393605,4044373
11/6/20,4345977,4064722
11/7/20,4113427,3826069
11/8/20,4074023,3799948
11/9/20,4522399,4210208
11/10/20,4582460,4227824
11/11/20,4545402,4216143
11/12/20,4572581,4252233
11/13/20,4565125,4218973
11/14/20,4350040,4053334
11/15/20,4188791,3916340
11/16/20,4491904,4151122
11/17/20,4522911,4195996
11/18/20,4501441,4244942
11/19/20,4439226,4139715
11/20/20,4376763,3999489
11/21/20,4206093,3830558
11/22/20,4206259,3896385
11/23/20,4515346,4210223
11/24/20,4577297,4255157
11/25/20,4495375,4130292
11/26/20,4164335,3810437
11/27/20,4153452,3771173
11/28/20,4174631,3806441
11/29/20,4269368,3949655
11/30/20,4839386,4475229
12/1/20,4900262,4582343
12/2/20,4814944,4514149
12/3/20,4817091,4475725
12/4/20,4733073,4342193
12/5/20,4578002,4218922
12/6/20,4441212,4108691
12/7/20,4772431,4424023
12/8/20,4751768,4383032
12/9/20,4658672,4287222
12/10/20,4579669,4240712
12/11/20,4521508,4135968
12/12/20,4414570,4036332
12/13/20,4553300,4191618
12/14/20,5045282,4685843
12/15/20,5169976,4800398
12/16/20,5176840,4816759
12/17/20,5147120,4806633
12/18/20,4967634,4616713
12/19/20,4557314,4186871
12/20/20,4489243,4129707
12/21/20,4699860,4322162
12/22/20,4661749,4294969
12/23/20,4644721,4304107
12/24/20,4816226,4427649
12/25/20,4607836,4266150
12/26/20,4547914,4264839
12/27/20,4374041,4066979
12/28/20,4623599,4256467
12/29/20,4667459,4362169
12/30/20,4659600,4336515
12/31/20,4809834,4453147
1/1/21,4645107,4292653
1/2/21,4593399,4177747
1/3/21,4524981,4157655
1/4/21,4702346,4352855
1/5/21,4713906,4357506
1/6/21,4737277,4401052
1/7/21,4873818,4489935
1/8/21,4942791,4556410
1/9/21,4842342,4457491
1/10/21,4940525,4557171
1/11/21,5182030,4846615
1/12/21,5121871,4725233
1/13/21,4907159,4549173
1/14/21,4777805,4466728
1/15/21,4883863,4564803
1/16/21,4657790,4297000
1/17/21,4507490,4165906
1/18/21,4720597,4361334
1/19/21,4739365,4402247
1/20/21,4799379,4464196
1/21/21,4658184,4341082
1/22/21,4672302,4259938
1/23/21,4580343,4229093
1/24/21,4448643,4145062
1/25/21,4735664,4442167
1/26/21,4838251,4516979
1/27/21,4932779,4552278
1/28/21,5077674,4783819
1/29/21,4943545,4634332
1/30/21,4505181,4199778
1/31/21,4473965,4151695
2/1/21,4869885,4524906
2/2/21,4911786,4552248
2/3/21,4831385,4564232
2/4/21,4769194,4534441
2/5/21,4829110,4482250
2/6/21,4704051,4378481
2/7/21,4820360,4446668
2/8/21,5081077,4684577
2/9/21,5206070,4846261
2/10/21,5335217,4934472
2/11/21,5620607,5241172
2/12/21,5790299,5407449
2/13/21,5669980,5269833
2/14/21,5830088,5496236
2/15/21,5755195,5266382
2/16/21,5488971,4978964
2/17/21,5405720,4888929
2/18/21,5486127,5022032
2/19/21,5344788,4874208
2/20/21,4831783,4521470
2/21/21,4430742,4131722
2/22/21,4546634,4252879
2/23/21,4472813,4144606
2/24/21,4391605,4124724
2/25/21,4532467,4181268
2/26/21,4564751,4287463
2/27/21,4272927,4050240
2/28/21,4214790,3989141
2/29/21,,
3/1/21,4632786,4343152
3/2/21,4691340,4448935
3/3/21,4568404,4230167
3/4/21,4432642,4161488
3/5/21,4433888,4151458
3/6/21,4180691,3926189
3/7/21,4116475,3890457
3/8/21,4375104,4113560
3/9/21,4311389,4080371
3/10/21,4330222,4060907
3/11/21,4340934,4027553
3/12/21,4369585,4030290
3/13/21,4147616,3878550
3/14/21,3971561,3751525
3/15/21,4525959,4198911
3/16/21,4557702,4211497
3/17/21,4517463,4191279
3/18/21,4548500,4237343
3/19/21,4441480,4112964
3/20/21,4111201,3919182
3/21/21,3973910,3756440
3/22/21,4242186,3900491
3/23/21,4297808,3987996
3/24/21,4315529,3962279
3/25/21,4380597,3977382
3/26/21,4383936,4046858
3/27/21,4199277,3884756
3/28/21,4060694,3759143
3/29/21,4352870,4063937
3/30/21,4415236,4142380
3/31/21,4466861,4134159
4/1/21,4447535,4106150
4/2/21,4241681,3972008
4/3/21,3960606,3663368
4/4/21,3830823,3531380
4/5/21,4254801,3952647
4/6/21,4391107,4074794
4/7/21,4409672,4074503
4/8/21,4415655,4116311
4/9/21,4477113,4175320
4/10/21,4116575,3835373
4/11/21,4064679,3835835
4/12/21,4451186,4206144
4/13/21,4472107,4208473
4/14/21,4425329,4121721
4/15/21,4387234,4093073
4/16/21,4363960,4109602
4/17/21,4084826,3852256
4/18/21,4005229,3787811
4/19/21,4373274,4125634
4/20/21,4452334,4177177
4/21/21,4461171,4209738
4/22/21,4419064,4202134
4/23/21,4352606,4169313
4/24/21,4179385,3973022
4/25/21,4154290,3963571
4/26/21,4503399,4247620
4/27/21,4551144,4276411
4/28/21,4642854,4362644
4/29/21,4634722,4347819
4/30/21,4486340,4170098
5/1/21,4193082,3949092
5/2/21,4273211,4015813
5/3/21,4797211,4497064
5/4/21,4655912,4398113
5/5/21,4537710,4246266
5/6/21,4536155,4258935
5/7/21,4493496,4240319
5/8/21,4347728,4124490
5/9/21,4336893,4093788
5/10/21,4610080,4310107
5/11/21,4587275,4309590
5/12/21,4458062,4158673
5/13/21,4440247,4184470
5/14/21,4441898,4206538
5/15/21,4214603,3945903
5/16/21,4144446,3893724
5/17/21,4568841,4282479
5/18/21,4593456,4310317
5/19/21,4630089,4383563
5/20/21,4757478,4501922
5/21/21,4839473,4574116
5/22/21,4613010,4348729
5/23/21,4543845,4239373
5/24/21,4884775,4567468
5/25/21,5070782,4760589
5/26/21,5172472,4914343
5/27/21,5073382,4822126
5/28/21,4745127,4419746
5/29/21,4323699,4027395
5/30/21,4216665,3877998
5/31/21,4352737,3990781
6/1/21,4721299,4398590
6/2/21,4867417,4572788
6/3/21,4958185,4645208
6/4/21,5109603,4777449
6/5/21,5052366,4751103
6/6/21,5124984,4836193
6/7/21,5551214,5198603
6/8/21,5645328,5291263
6/9/21,5840084,5464539
6/10/21,5869763,5458943
6/11/21,5781055,5392303
6/12/21,5476202,5094803
6/13/21,5453538,5126324
6/14/21,5706183,5354053
6/15/21,5697502,5284763
6/16/21,5692473,5319533
6/17/21,5856396,5479907
6/18/21,5943728,5552159
6/19/21,5597055,5199652
6/20/21,5522750,5201897
6/21/21,5539875,5251482
6/22/21,5290697,4883287
6/23/21,5515137,5086664
6/24/21,5720631,5313027
6/25/21,5728253,5389688
6/26/21,5505979,5151930
6/27/21,5432966,5106979
6/28/21,5706032,5444631
6/29/21,0,0